ISO-10303-21;
HEADER;
/* Generated by software containing ST-Developer
 * from STEP Tools, Inc. (www.steptools.com) 
 */

FILE_DESCRIPTION(
/* description */ (''),
/* implementation_level */ '2;1');

FILE_NAME(
/* name */ 'Sorting_system.step',
/* time_stamp */ '2026-09-06T12:58:36+05:30',
/* author */ (''),
/* organization */ (''),
/* preprocessor_version */ 'ST-DEVELOPER v20.2',
/* originating_system */ 'Autodesk Translation Framework v15.15.0.0',
/* authorisation */ '');

FILE_SCHEMA (('AUTOMOTIVE_DESIGN { 1 0 10303 214 3 1 1 }'));
ENDSEC;

DATA;
#10=MECHANICAL_DESIGN_GEOMETRIC_PRESENTATION_REPRESENTATION('',(#62,#63,
#64,#65,#66,#67),#4284);
#11=CONTEXT_DEPENDENT_OVER_RIDING_STYLED_ITEM('',(#4346),#4309,#67,(#27));
#12=CONTEXT_DEPENDENT_OVER_RIDING_STYLED_ITEM('',(#4350),#4312,#67,(#32));
#13=CONTEXT_DEPENDENT_OVER_RIDING_STYLED_ITEM('',(#4351),#4313,#67,(#33));
#14=CONTEXT_DEPENDENT_OVER_RIDING_STYLED_ITEM('',(#4347),#4310,#67,(#28));
#15=CONTEXT_DEPENDENT_OVER_RIDING_STYLED_ITEM('',(#4347),#4310,#67,(#29));
#16=CONTEXT_DEPENDENT_OVER_RIDING_STYLED_ITEM('',(#4348),#4311,#67,(#30));
#17=CONTEXT_DEPENDENT_OVER_RIDING_STYLED_ITEM('',(#4349),#4311,#67,(#31));
#18=MAPPED_ITEM('',#19,#2846);
#19=REPRESENTATION_MAP(#2846,#4308);
#20=ITEM_DEFINED_TRANSFORMATION($,$,#2632,#2839);
#21=ITEM_DEFINED_TRANSFORMATION($,$,#2729,#2840);
#22=ITEM_DEFINED_TRANSFORMATION($,$,#2729,#2841);
#23=ITEM_DEFINED_TRANSFORMATION($,$,#2758,#2842);
#24=ITEM_DEFINED_TRANSFORMATION($,$,#2758,#2843);
#25=ITEM_DEFINED_TRANSFORMATION($,$,#2773,#2844);
#26=ITEM_DEFINED_TRANSFORMATION($,$,#2807,#2845);
#27=(
REPRESENTATION_RELATIONSHIP($,$,#4309,#4308)
REPRESENTATION_RELATIONSHIP_WITH_TRANSFORMATION(#20)
SHAPE_REPRESENTATION_RELATIONSHIP()
);
#28=(
REPRESENTATION_RELATIONSHIP($,$,#4310,#4308)
REPRESENTATION_RELATIONSHIP_WITH_TRANSFORMATION(#21)
SHAPE_REPRESENTATION_RELATIONSHIP()
);
#29=(
REPRESENTATION_RELATIONSHIP($,$,#4310,#4308)
REPRESENTATION_RELATIONSHIP_WITH_TRANSFORMATION(#22)
SHAPE_REPRESENTATION_RELATIONSHIP()
);
#30=(
REPRESENTATION_RELATIONSHIP($,$,#4311,#4308)
REPRESENTATION_RELATIONSHIP_WITH_TRANSFORMATION(#23)
SHAPE_REPRESENTATION_RELATIONSHIP()
);
#31=(
REPRESENTATION_RELATIONSHIP($,$,#4311,#4308)
REPRESENTATION_RELATIONSHIP_WITH_TRANSFORMATION(#24)
SHAPE_REPRESENTATION_RELATIONSHIP()
);
#32=(
REPRESENTATION_RELATIONSHIP($,$,#4312,#4308)
REPRESENTATION_RELATIONSHIP_WITH_TRANSFORMATION(#25)
SHAPE_REPRESENTATION_RELATIONSHIP()
);
#33=(
REPRESENTATION_RELATIONSHIP($,$,#4313,#4308)
REPRESENTATION_RELATIONSHIP_WITH_TRANSFORMATION(#26)
SHAPE_REPRESENTATION_RELATIONSHIP()
);
#34=CONTEXT_DEPENDENT_SHAPE_REPRESENTATION(#27,#4301);
#35=CONTEXT_DEPENDENT_SHAPE_REPRESENTATION(#28,#4302);
#36=CONTEXT_DEPENDENT_SHAPE_REPRESENTATION(#29,#4303);
#37=CONTEXT_DEPENDENT_SHAPE_REPRESENTATION(#30,#4304);
#38=CONTEXT_DEPENDENT_SHAPE_REPRESENTATION(#31,#4305);
#39=CONTEXT_DEPENDENT_SHAPE_REPRESENTATION(#32,#4306);
#40=CONTEXT_DEPENDENT_SHAPE_REPRESENTATION(#33,#4307);
#41=NEXT_ASSEMBLY_USAGE_OCCURRENCE('Conveyor&Sorting Bins:1',
'Conveyor&Sorting Bins:1','Conveyor&Sorting Bins:1',#4315,#4316,
'Conveyor&Sorting Bins:1');
#42=NEXT_ASSEMBLY_USAGE_OCCURRENCE('Roller:1','Roller:1','Roller:1',#4315,
#4317,'Roller:1');
#43=NEXT_ASSEMBLY_USAGE_OCCURRENCE('Roller:2','Roller:2','Roller:2',#4315,
#4317,'Roller:2');
#44=NEXT_ASSEMBLY_USAGE_OCCURRENCE('Servo Arm:1','Servo Arm:1',
'Servo Arm:1',#4315,#4318,'Servo Arm:1');
#45=NEXT_ASSEMBLY_USAGE_OCCURRENCE('Servo Arm:2','Servo Arm:2',
'Servo Arm:2',#4315,#4318,'Servo Arm:2');
#46=NEXT_ASSEMBLY_USAGE_OCCURRENCE('Inspection_box:1',
'Inspection_box:1','Inspection_box:1',#4315,#4319,'Inspection_box:1');
#47=NEXT_ASSEMBLY_USAGE_OCCURRENCE('Phone Support:1','Phone Support:1',
'Phone Support:1',#4315,#4320,'Phone Support:1');
#48=MANIFOLD_SOLID_BREP('Body1',#2570);
#49=MANIFOLD_SOLID_BREP('Body1',#2571);
#50=MANIFOLD_SOLID_BREP('Body1',#2572);
#51=MANIFOLD_SOLID_BREP('Body1',#2573);
#52=SHAPE_REPRESENTATION_RELATIONSHIP('SRR','None',#4309,#57);
#53=SHAPE_REPRESENTATION_RELATIONSHIP('SRR','None',#4310,#58);
#54=SHAPE_REPRESENTATION_RELATIONSHIP('SRR','None',#4311,#59);
#55=SHAPE_REPRESENTATION_RELATIONSHIP('SRR','None',#4312,#60);
#56=SHAPE_REPRESENTATION_RELATIONSHIP('SRR','None',#4313,#61);
#57=ADVANCED_BREP_SHAPE_REPRESENTATION('',(#2574),#4279);
#58=ADVANCED_BREP_SHAPE_REPRESENTATION('',(#48),#4280);
#59=ADVANCED_BREP_SHAPE_REPRESENTATION('',(#49),#4281);
#60=ADVANCED_BREP_SHAPE_REPRESENTATION('',(#50),#4282);
#61=ADVANCED_BREP_SHAPE_REPRESENTATION('',(#51),#4283);
#62=STYLED_ITEM('',(#4346),#2574);
#63=STYLED_ITEM('',(#4347),#48);
#64=STYLED_ITEM('',(#4342),#49);
#65=STYLED_ITEM('',(#4343),#50);
#66=STYLED_ITEM('',(#4344),#51);
#67=STYLED_ITEM('',(#4352),#18);
#68=ORIENTED_CLOSED_SHELL('',*,#2569,.F.);
#69=CYLINDRICAL_SURFACE('',#2647,1.);
#70=CYLINDRICAL_SURFACE('',#2649,1.);
#71=CYLINDRICAL_SURFACE('',#2661,1.);
#72=CYLINDRICAL_SURFACE('',#2663,1.);
#73=CYLINDRICAL_SURFACE('',#2683,5.);
#74=CYLINDRICAL_SURFACE('',#2697,4.50000013411046);
#75=CYLINDRICAL_SURFACE('',#2699,4.50000013411046);
#76=CYLINDRICAL_SURFACE('',#2701,4.49999999999999);
#77=CYLINDRICAL_SURFACE('',#2704,4.49999999999999);
#78=CYLINDRICAL_SURFACE('',#2706,4.50000000000003);
#79=CYLINDRICAL_SURFACE('',#2708,4.50000000000003);
#80=CYLINDRICAL_SURFACE('',#2710,4.5);
#81=CYLINDRICAL_SURFACE('',#2712,4.5);
#82=CYLINDRICAL_SURFACE('',#2732,4.49999999999999);
#83=CYLINDRICAL_SURFACE('',#2739,4.49999999999999);
#84=CYLINDRICAL_SURFACE('',#2749,5.);
#85=CYLINDRICAL_SURFACE('',#2753,5.);
#86=CYLINDRICAL_SURFACE('',#2759,0.5);
#87=CYLINDRICAL_SURFACE('',#2764,3.34942570892089);
#88=CYLINDRICAL_SURFACE('',#2768,14.4846679613187);
#89=CYLINDRICAL_SURFACE('',#2784,1.59999999999999);
#90=CYLINDRICAL_SURFACE('',#2787,1.6);
#91=CYLINDRICAL_SURFACE('',#2790,1.6);
#92=CYLINDRICAL_SURFACE('',#2793,1.6);
#93=CYLINDRICAL_SURFACE('',#2796,17.5);
#94=CYLINDRICAL_SURFACE('',#2808,1.6);
#95=CYLINDRICAL_SURFACE('',#2811,1.6);
#96=CYLINDRICAL_SURFACE('',#2814,1.6);
#97=CYLINDRICAL_SURFACE('',#2817,1.6);
#98=CYLINDRICAL_SURFACE('',#2820,17.5);
#99=CIRCLE('',#2645,1.);
#100=CIRCLE('',#2646,1.);
#101=CIRCLE('',#2648,1.);
#102=CIRCLE('',#2650,1.);
#103=CIRCLE('',#2652,4.49999999999999);
#104=CIRCLE('',#2653,4.49999999999999);
#105=CIRCLE('',#2654,4.50000013411046);
#106=CIRCLE('',#2655,4.50000000000003);
#107=CIRCLE('',#2656,4.5);
#108=CIRCLE('',#2659,1.);
#109=CIRCLE('',#2660,1.);
#110=CIRCLE('',#2662,1.);
#111=CIRCLE('',#2664,1.);
#112=CIRCLE('',#2666,4.50000013411046);
#113=CIRCLE('',#2667,4.50000000000003);
#114=CIRCLE('',#2668,4.5);
#115=CIRCLE('',#2669,4.49999999999999);
#116=CIRCLE('',#2682,5.);
#117=CIRCLE('',#2684,5.);
#118=CIRCLE('',#2698,4.50000013411046);
#119=CIRCLE('',#2700,4.50000013411046);
#120=CIRCLE('',#2702,4.49999999999999);
#121=CIRCLE('',#2703,4.49999999999999);
#122=CIRCLE('',#2705,4.49999999999999);
#123=CIRCLE('',#2707,4.50000000000003);
#124=CIRCLE('',#2709,4.50000000000003);
#125=CIRCLE('',#2711,4.5);
#126=CIRCLE('',#2713,4.5);
#127=CIRCLE('',#2731,4.49999999999999);
#128=CIRCLE('',#2733,4.49999999999999);
#129=CIRCLE('',#2734,4.5);
#130=CIRCLE('',#2735,4.5);
#131=CIRCLE('',#2736,4.5);
#132=CIRCLE('',#2737,4.5);
#133=CIRCLE('',#2740,4.49999999999999);
#134=CIRCLE('',#2741,4.49999999999999);
#135=CIRCLE('',#2742,4.5);
#136=CIRCLE('',#2743,4.5);
#137=CIRCLE('',#2750,5.);
#138=CIRCLE('',#2751,5.);
#139=CIRCLE('',#2754,5.);
#140=CIRCLE('',#2755,5.);
#141=CIRCLE('',#2760,0.5);
#142=CIRCLE('',#2761,0.5);
#143=CIRCLE('',#2765,3.34942570892089);
#144=CIRCLE('',#2766,3.34942570892089);
#145=CIRCLE('',#2769,14.4846679613187);
#146=CIRCLE('',#2770,14.4846679613187);
#147=CIRCLE('',#2785,1.59999999999999);
#148=CIRCLE('',#2786,1.59999999999999);
#149=CIRCLE('',#2788,1.6);
#150=CIRCLE('',#2789,1.6);
#151=CIRCLE('',#2791,1.6);
#152=CIRCLE('',#2792,1.6);
#153=CIRCLE('',#2794,1.6);
#154=CIRCLE('',#2795,1.6);
#155=CIRCLE('',#2797,17.5);
#156=CIRCLE('',#2798,17.5);
#157=CIRCLE('',#2809,1.6);
#158=CIRCLE('',#2810,1.6);
#159=CIRCLE('',#2812,1.6);
#160=CIRCLE('',#2813,1.6);
#161=CIRCLE('',#2815,1.6);
#162=CIRCLE('',#2816,1.6);
#163=CIRCLE('',#2818,1.6);
#164=CIRCLE('',#2819,1.6);
#165=CIRCLE('',#2821,17.5);
#166=CIRCLE('',#2822,17.5);
#167=FACE_BOUND('',#356,.T.);
#168=FACE_BOUND('',#362,.T.);
#169=FACE_BOUND('',#363,.T.);
#170=FACE_BOUND('',#364,.T.);
#171=FACE_BOUND('',#370,.T.);
#172=FACE_BOUND('',#371,.T.);
#173=FACE_BOUND('',#372,.T.);
#174=FACE_BOUND('',#373,.T.);
#175=FACE_BOUND('',#374,.T.);
#176=FACE_BOUND('',#383,.T.);
#177=FACE_BOUND('',#395,.T.);
#178=FACE_BOUND('',#411,.T.);
#179=FACE_BOUND('',#412,.T.);
#180=FACE_BOUND('',#413,.T.);
#181=FACE_BOUND('',#415,.T.);
#182=FACE_BOUND('',#416,.T.);
#183=FACE_BOUND('',#417,.T.);
#184=FACE_BOUND('',#418,.T.);
#185=FACE_BOUND('',#419,.T.);
#186=FACE_BOUND('',#437,.T.);
#187=FACE_BOUND('',#447,.T.);
#188=FACE_BOUND('',#449,.T.);
#189=FACE_BOUND('',#457,.T.);
#190=FACE_BOUND('',#475,.T.);
#191=FACE_BOUND('',#476,.T.);
#192=FACE_BOUND('',#477,.T.);
#193=FACE_BOUND('',#478,.T.);
#194=FACE_BOUND('',#479,.T.);
#195=FACE_BOUND('',#487,.T.);
#196=FACE_BOUND('',#488,.T.);
#197=FACE_BOUND('',#489,.T.);
#198=FACE_BOUND('',#490,.T.);
#199=FACE_BOUND('',#491,.T.);
#200=FACE_BOUND('',#506,.T.);
#201=FACE_BOUND('',#508,.T.);
#202=FACE_BOUND('',#514,.T.);
#203=FACE_BOUND('',#515,.T.);
#204=FACE_BOUND('',#516,.T.);
#205=FACE_BOUND('',#517,.T.);
#206=FACE_BOUND('',#518,.T.);
#207=FACE_BOUND('',#520,.T.);
#208=FACE_BOUND('',#521,.T.);
#209=FACE_BOUND('',#522,.T.);
#210=FACE_BOUND('',#523,.T.);
#211=FACE_BOUND('',#524,.T.);
#212=FACE_OUTER_BOUND('',#346,.T.);
#213=FACE_OUTER_BOUND('',#347,.T.);
#214=FACE_OUTER_BOUND('',#348,.T.);
#215=FACE_OUTER_BOUND('',#349,.T.);
#216=FACE_OUTER_BOUND('',#350,.T.);
#217=FACE_OUTER_BOUND('',#351,.T.);
#218=FACE_OUTER_BOUND('',#352,.T.);
#219=FACE_OUTER_BOUND('',#353,.T.);
#220=FACE_OUTER_BOUND('',#354,.T.);
#221=FACE_OUTER_BOUND('',#355,.T.);
#222=FACE_OUTER_BOUND('',#357,.T.);
#223=FACE_OUTER_BOUND('',#358,.T.);
#224=FACE_OUTER_BOUND('',#359,.T.);
#225=FACE_OUTER_BOUND('',#360,.T.);
#226=FACE_OUTER_BOUND('',#361,.T.);
#227=FACE_OUTER_BOUND('',#365,.T.);
#228=FACE_OUTER_BOUND('',#366,.T.);
#229=FACE_OUTER_BOUND('',#367,.T.);
#230=FACE_OUTER_BOUND('',#368,.T.);
#231=FACE_OUTER_BOUND('',#369,.T.);
#232=FACE_OUTER_BOUND('',#375,.T.);
#233=FACE_OUTER_BOUND('',#376,.T.);
#234=FACE_OUTER_BOUND('',#377,.T.);
#235=FACE_OUTER_BOUND('',#378,.T.);
#236=FACE_OUTER_BOUND('',#379,.T.);
#237=FACE_OUTER_BOUND('',#380,.T.);
#238=FACE_OUTER_BOUND('',#381,.T.);
#239=FACE_OUTER_BOUND('',#382,.T.);
#240=FACE_OUTER_BOUND('',#384,.T.);
#241=FACE_OUTER_BOUND('',#385,.T.);
#242=FACE_OUTER_BOUND('',#386,.T.);
#243=FACE_OUTER_BOUND('',#387,.T.);
#244=FACE_OUTER_BOUND('',#388,.T.);
#245=FACE_OUTER_BOUND('',#389,.T.);
#246=FACE_OUTER_BOUND('',#390,.T.);
#247=FACE_OUTER_BOUND('',#391,.T.);
#248=FACE_OUTER_BOUND('',#392,.T.);
#249=FACE_OUTER_BOUND('',#393,.T.);
#250=FACE_OUTER_BOUND('',#394,.T.);
#251=FACE_OUTER_BOUND('',#396,.T.);
#252=FACE_OUTER_BOUND('',#397,.T.);
#253=FACE_OUTER_BOUND('',#398,.T.);
#254=FACE_OUTER_BOUND('',#399,.T.);
#255=FACE_OUTER_BOUND('',#400,.T.);
#256=FACE_OUTER_BOUND('',#401,.T.);
#257=FACE_OUTER_BOUND('',#402,.T.);
#258=FACE_OUTER_BOUND('',#403,.T.);
#259=FACE_OUTER_BOUND('',#404,.T.);
#260=FACE_OUTER_BOUND('',#405,.T.);
#261=FACE_OUTER_BOUND('',#406,.T.);
#262=FACE_OUTER_BOUND('',#407,.T.);
#263=FACE_OUTER_BOUND('',#408,.T.);
#264=FACE_OUTER_BOUND('',#409,.T.);
#265=FACE_OUTER_BOUND('',#410,.T.);
#266=FACE_OUTER_BOUND('',#414,.T.);
#267=FACE_OUTER_BOUND('',#420,.T.);
#268=FACE_OUTER_BOUND('',#421,.T.);
#269=FACE_OUTER_BOUND('',#422,.T.);
#270=FACE_OUTER_BOUND('',#423,.T.);
#271=FACE_OUTER_BOUND('',#424,.T.);
#272=FACE_OUTER_BOUND('',#425,.T.);
#273=FACE_OUTER_BOUND('',#426,.T.);
#274=FACE_OUTER_BOUND('',#427,.T.);
#275=FACE_OUTER_BOUND('',#428,.T.);
#276=FACE_OUTER_BOUND('',#429,.T.);
#277=FACE_OUTER_BOUND('',#430,.T.);
#278=FACE_OUTER_BOUND('',#431,.T.);
#279=FACE_OUTER_BOUND('',#432,.T.);
#280=FACE_OUTER_BOUND('',#433,.T.);
#281=FACE_OUTER_BOUND('',#434,.T.);
#282=FACE_OUTER_BOUND('',#435,.T.);
#283=FACE_OUTER_BOUND('',#436,.T.);
#284=FACE_OUTER_BOUND('',#438,.T.);
#285=FACE_OUTER_BOUND('',#439,.T.);
#286=FACE_OUTER_BOUND('',#440,.T.);
#287=FACE_OUTER_BOUND('',#441,.T.);
#288=FACE_OUTER_BOUND('',#442,.T.);
#289=FACE_OUTER_BOUND('',#443,.T.);
#290=FACE_OUTER_BOUND('',#444,.T.);
#291=FACE_OUTER_BOUND('',#445,.T.);
#292=FACE_OUTER_BOUND('',#446,.T.);
#293=FACE_OUTER_BOUND('',#448,.T.);
#294=FACE_OUTER_BOUND('',#450,.T.);
#295=FACE_OUTER_BOUND('',#451,.T.);
#296=FACE_OUTER_BOUND('',#452,.T.);
#297=FACE_OUTER_BOUND('',#453,.T.);
#298=FACE_OUTER_BOUND('',#454,.T.);
#299=FACE_OUTER_BOUND('',#455,.T.);
#300=FACE_OUTER_BOUND('',#456,.T.);
#301=FACE_OUTER_BOUND('',#458,.T.);
#302=FACE_OUTER_BOUND('',#459,.T.);
#303=FACE_OUTER_BOUND('',#460,.T.);
#304=FACE_OUTER_BOUND('',#461,.T.);
#305=FACE_OUTER_BOUND('',#462,.T.);
#306=FACE_OUTER_BOUND('',#463,.T.);
#307=FACE_OUTER_BOUND('',#464,.T.);
#308=FACE_OUTER_BOUND('',#465,.T.);
#309=FACE_OUTER_BOUND('',#466,.T.);
#310=FACE_OUTER_BOUND('',#467,.T.);
#311=FACE_OUTER_BOUND('',#468,.T.);
#312=FACE_OUTER_BOUND('',#469,.T.);
#313=FACE_OUTER_BOUND('',#470,.T.);
#314=FACE_OUTER_BOUND('',#471,.T.);
#315=FACE_OUTER_BOUND('',#472,.T.);
#316=FACE_OUTER_BOUND('',#473,.T.);
#317=FACE_OUTER_BOUND('',#474,.T.);
#318=FACE_OUTER_BOUND('',#480,.T.);
#319=FACE_OUTER_BOUND('',#481,.T.);
#320=FACE_OUTER_BOUND('',#482,.T.);
#321=FACE_OUTER_BOUND('',#483,.T.);
#322=FACE_OUTER_BOUND('',#484,.T.);
#323=FACE_OUTER_BOUND('',#485,.T.);
#324=FACE_OUTER_BOUND('',#486,.T.);
#325=FACE_OUTER_BOUND('',#492,.T.);
#326=FACE_OUTER_BOUND('',#493,.T.);
#327=FACE_OUTER_BOUND('',#494,.T.);
#328=FACE_OUTER_BOUND('',#495,.T.);
#329=FACE_OUTER_BOUND('',#496,.T.);
#330=FACE_OUTER_BOUND('',#497,.T.);
#331=FACE_OUTER_BOUND('',#498,.T.);
#332=FACE_OUTER_BOUND('',#499,.T.);
#333=FACE_OUTER_BOUND('',#500,.T.);
#334=FACE_OUTER_BOUND('',#501,.T.);
#335=FACE_OUTER_BOUND('',#502,.T.);
#336=FACE_OUTER_BOUND('',#503,.T.);
#337=FACE_OUTER_BOUND('',#504,.T.);
#338=FACE_OUTER_BOUND('',#505,.T.);
#339=FACE_OUTER_BOUND('',#507,.T.);
#340=FACE_OUTER_BOUND('',#509,.T.);
#341=FACE_OUTER_BOUND('',#510,.T.);
#342=FACE_OUTER_BOUND('',#511,.T.);
#343=FACE_OUTER_BOUND('',#512,.T.);
#344=FACE_OUTER_BOUND('',#513,.T.);
#345=FACE_OUTER_BOUND('',#519,.T.);
#346=EDGE_LOOP('',(#1644,#1645,#1646,#1647));
#347=EDGE_LOOP('',(#1648,#1649,#1650,#1651));
#348=EDGE_LOOP('',(#1652,#1653,#1654,#1655));
#349=EDGE_LOOP('',(#1656,#1657,#1658,#1659));
#350=EDGE_LOOP('',(#1660,#1661,#1662,#1663));
#351=EDGE_LOOP('',(#1664,#1665,#1666,#1667));
#352=EDGE_LOOP('',(#1668,#1669,#1670,#1671,#1672));
#353=EDGE_LOOP('',(#1673,#1674,#1675,#1676));
#354=EDGE_LOOP('',(#1677,#1678,#1679,#1680,#1681));
#355=EDGE_LOOP('',(#1682,#1683,#1684,#1685));
#356=EDGE_LOOP('',(#1686,#1687,#1688,#1689));
#357=EDGE_LOOP('',(#1690,#1691,#1692,#1693));
#358=EDGE_LOOP('',(#1694,#1695,#1696,#1697));
#359=EDGE_LOOP('',(#1698,#1699,#1700,#1701));
#360=EDGE_LOOP('',(#1702,#1703,#1704,#1705));
#361=EDGE_LOOP('',(#1706,#1707,#1708,#1709,#1710,#1711,#1712,#1713,#1714,
#1715,#1716,#1717,#1718));
#362=EDGE_LOOP('',(#1719));
#363=EDGE_LOOP('',(#1720));
#364=EDGE_LOOP('',(#1721));
#365=EDGE_LOOP('',(#1722,#1723,#1724,#1725));
#366=EDGE_LOOP('',(#1726,#1727,#1728,#1729));
#367=EDGE_LOOP('',(#1730,#1731,#1732,#1733));
#368=EDGE_LOOP('',(#1734,#1735,#1736,#1737));
#369=EDGE_LOOP('',(#1738,#1739,#1740,#1741,#1742,#1743,#1744,#1745,#1746,
#1747,#1748));
#370=EDGE_LOOP('',(#1749));
#371=EDGE_LOOP('',(#1750));
#372=EDGE_LOOP('',(#1751));
#373=EDGE_LOOP('',(#1752));
#374=EDGE_LOOP('',(#1753,#1754,#1755,#1756));
#375=EDGE_LOOP('',(#1757,#1758,#1759,#1760));
#376=EDGE_LOOP('',(#1761,#1762,#1763,#1764));
#377=EDGE_LOOP('',(#1765,#1766,#1767,#1768));
#378=EDGE_LOOP('',(#1769,#1770,#1771,#1772));
#379=EDGE_LOOP('',(#1773,#1774,#1775,#1776));
#380=EDGE_LOOP('',(#1777,#1778,#1779,#1780));
#381=EDGE_LOOP('',(#1781,#1782,#1783,#1784));
#382=EDGE_LOOP('',(#1785,#1786,#1787,#1788));
#383=EDGE_LOOP('',(#1789,#1790,#1791,#1792));
#384=EDGE_LOOP('',(#1793,#1794,#1795,#1796));
#385=EDGE_LOOP('',(#1797,#1798,#1799,#1800));
#386=EDGE_LOOP('',(#1801,#1802,#1803,#1804));
#387=EDGE_LOOP('',(#1805,#1806,#1807,#1808,#1809));
#388=EDGE_LOOP('',(#1810,#1811,#1812,#1813));
#389=EDGE_LOOP('',(#1814,#1815,#1816,#1817));
#390=EDGE_LOOP('',(#1818,#1819,#1820,#1821,#1822));
#391=EDGE_LOOP('',(#1823,#1824,#1825,#1826));
#392=EDGE_LOOP('',(#1827,#1828,#1829,#1830));
#393=EDGE_LOOP('',(#1831,#1832,#1833,#1834));
#394=EDGE_LOOP('',(#1835,#1836,#1837,#1838));
#395=EDGE_LOOP('',(#1839,#1840,#1841,#1842));
#396=EDGE_LOOP('',(#1843,#1844,#1845,#1846));
#397=EDGE_LOOP('',(#1847,#1848,#1849,#1850));
#398=EDGE_LOOP('',(#1851,#1852,#1853,#1854));
#399=EDGE_LOOP('',(#1855,#1856,#1857,#1858,#1859,#1860));
#400=EDGE_LOOP('',(#1861,#1862,#1863,#1864,#1865,#1866));
#401=EDGE_LOOP('',(#1867,#1868,#1869,#1870,#1871,#1872));
#402=EDGE_LOOP('',(#1873,#1874,#1875,#1876));
#403=EDGE_LOOP('',(#1877,#1878,#1879,#1880));
#404=EDGE_LOOP('',(#1881,#1882,#1883,#1884,#1885));
#405=EDGE_LOOP('',(#1886,#1887,#1888,#1889,#1890));
#406=EDGE_LOOP('',(#1891,#1892,#1893,#1894));
#407=EDGE_LOOP('',(#1895,#1896,#1897,#1898));
#408=EDGE_LOOP('',(#1899,#1900,#1901,#1902));
#409=EDGE_LOOP('',(#1903,#1904,#1905,#1906));
#410=EDGE_LOOP('',(#1907,#1908,#1909,#1910,#1911,#1912,#1913,#1914,#1915,
#1916,#1917,#1918,#1919));
#411=EDGE_LOOP('',(#1920));
#412=EDGE_LOOP('',(#1921));
#413=EDGE_LOOP('',(#1922));
#414=EDGE_LOOP('',(#1923,#1924,#1925,#1926,#1927,#1928,#1929,#1930,#1931,
#1932,#1933));
#415=EDGE_LOOP('',(#1934,#1935,#1936,#1937));
#416=EDGE_LOOP('',(#1938));
#417=EDGE_LOOP('',(#1939));
#418=EDGE_LOOP('',(#1940));
#419=EDGE_LOOP('',(#1941));
#420=EDGE_LOOP('',(#1942,#1943,#1944,#1945));
#421=EDGE_LOOP('',(#1946,#1947,#1948,#1949,#1950,#1951,#1952,#1953,#1954,
#1955));
#422=EDGE_LOOP('',(#1956,#1957,#1958,#1959));
#423=EDGE_LOOP('',(#1960,#1961,#1962,#1963,#1964,#1965,#1966,#1967));
#424=EDGE_LOOP('',(#1968,#1969,#1970,#1971));
#425=EDGE_LOOP('',(#1972,#1973,#1974,#1975,#1976,#1977,#1978,#1979));
#426=EDGE_LOOP('',(#1980,#1981,#1982,#1983));
#427=EDGE_LOOP('',(#1984,#1985,#1986,#1987));
#428=EDGE_LOOP('',(#1988,#1989,#1990));
#429=EDGE_LOOP('',(#1991,#1992,#1993,#1994));
#430=EDGE_LOOP('',(#1995,#1996,#1997,#1998));
#431=EDGE_LOOP('',(#1999,#2000,#2001,#2002));
#432=EDGE_LOOP('',(#2003,#2004,#2005));
#433=EDGE_LOOP('',(#2006));
#434=EDGE_LOOP('',(#2007,#2008,#2009,#2010,#2011,#2012,#2013,#2014,#2015,
#2016,#2017,#2018));
#435=EDGE_LOOP('',(#2019));
#436=EDGE_LOOP('',(#2020,#2021,#2022,#2023));
#437=EDGE_LOOP('',(#2024,#2025,#2026,#2027));
#438=EDGE_LOOP('',(#2028));
#439=EDGE_LOOP('',(#2029));
#440=EDGE_LOOP('',(#2030,#2031,#2032,#2033));
#441=EDGE_LOOP('',(#2034,#2035,#2036,#2037));
#442=EDGE_LOOP('',(#2038,#2039,#2040,#2041));
#443=EDGE_LOOP('',(#2042,#2043,#2044,#2045));
#444=EDGE_LOOP('',(#2046,#2047,#2048,#2049));
#445=EDGE_LOOP('',(#2050,#2051,#2052,#2053));
#446=EDGE_LOOP('',(#2054,#2055,#2056,#2057));
#447=EDGE_LOOP('',(#2058,#2059,#2060,#2061,#2062));
#448=EDGE_LOOP('',(#2063,#2064,#2065,#2066));
#449=EDGE_LOOP('',(#2067,#2068,#2069,#2070,#2071));
#450=EDGE_LOOP('',(#2072,#2073,#2074,#2075));
#451=EDGE_LOOP('',(#2076));
#452=EDGE_LOOP('',(#2077,#2078,#2079,#2080));
#453=EDGE_LOOP('',(#2081,#2082,#2083,#2084));
#454=EDGE_LOOP('',(#2085,#2086,#2087,#2088));
#455=EDGE_LOOP('',(#2089,#2090,#2091,#2092));
#456=EDGE_LOOP('',(#2093,#2094,#2095,#2096));
#457=EDGE_LOOP('',(#2097));
#458=EDGE_LOOP('',(#2098,#2099,#2100,#2101));
#459=EDGE_LOOP('',(#2102,#2103,#2104,#2105));
#460=EDGE_LOOP('',(#2106,#2107,#2108,#2109));
#461=EDGE_LOOP('',(#2110,#2111,#2112,#2113));
#462=EDGE_LOOP('',(#2114,#2115,#2116,#2117));
#463=EDGE_LOOP('',(#2118,#2119,#2120,#2121));
#464=EDGE_LOOP('',(#2122,#2123,#2124,#2125));
#465=EDGE_LOOP('',(#2126,#2127,#2128,#2129,#2130,#2131,#2132,#2133));
#466=EDGE_LOOP('',(#2134,#2135,#2136,#2137,#2138,#2139,#2140,#2141));
#467=EDGE_LOOP('',(#2142,#2143,#2144,#2145,#2146,#2147,#2148,#2149));
#468=EDGE_LOOP('',(#2150,#2151,#2152,#2153,#2154,#2155,#2156,#2157));
#469=EDGE_LOOP('',(#2158,#2159,#2160,#2161));
#470=EDGE_LOOP('',(#2162,#2163,#2164,#2165));
#471=EDGE_LOOP('',(#2166,#2167,#2168,#2169));
#472=EDGE_LOOP('',(#2170,#2171,#2172,#2173));
#473=EDGE_LOOP('',(#2174,#2175,#2176,#2177));
#474=EDGE_LOOP('',(#2178,#2179,#2180,#2181));
#475=EDGE_LOOP('',(#2182));
#476=EDGE_LOOP('',(#2183));
#477=EDGE_LOOP('',(#2184));
#478=EDGE_LOOP('',(#2185));
#479=EDGE_LOOP('',(#2186));
#480=EDGE_LOOP('',(#2187,#2188,#2189,#2190,#2191,#2192,#2193,#2194));
#481=EDGE_LOOP('',(#2195,#2196,#2197,#2198));
#482=EDGE_LOOP('',(#2199,#2200,#2201,#2202,#2203,#2204,#2205,#2206));
#483=EDGE_LOOP('',(#2207,#2208,#2209,#2210));
#484=EDGE_LOOP('',(#2211,#2212,#2213,#2214));
#485=EDGE_LOOP('',(#2215,#2216,#2217,#2218));
#486=EDGE_LOOP('',(#2219,#2220,#2221,#2222));
#487=EDGE_LOOP('',(#2223));
#488=EDGE_LOOP('',(#2224));
#489=EDGE_LOOP('',(#2225));
#490=EDGE_LOOP('',(#2226));
#491=EDGE_LOOP('',(#2227));
#492=EDGE_LOOP('',(#2228,#2229,#2230,#2231));
#493=EDGE_LOOP('',(#2232,#2233,#2234,#2235));
#494=EDGE_LOOP('',(#2236,#2237,#2238,#2239));
#495=EDGE_LOOP('',(#2240,#2241,#2242,#2243));
#496=EDGE_LOOP('',(#2244,#2245,#2246,#2247));
#497=EDGE_LOOP('',(#2248,#2249,#2250,#2251));
#498=EDGE_LOOP('',(#2252,#2253,#2254,#2255));
#499=EDGE_LOOP('',(#2256,#2257,#2258,#2259));
#500=EDGE_LOOP('',(#2260,#2261,#2262,#2263));
#501=EDGE_LOOP('',(#2264,#2265,#2266,#2267));
#502=EDGE_LOOP('',(#2268,#2269,#2270,#2271));
#503=EDGE_LOOP('',(#2272,#2273,#2274,#2275));
#504=EDGE_LOOP('',(#2276,#2277,#2278,#2279));
#505=EDGE_LOOP('',(#2280,#2281,#2282,#2283));
#506=EDGE_LOOP('',(#2284,#2285,#2286,#2287));
#507=EDGE_LOOP('',(#2288,#2289,#2290,#2291));
#508=EDGE_LOOP('',(#2292,#2293,#2294,#2295));
#509=EDGE_LOOP('',(#2296,#2297,#2298,#2299));
#510=EDGE_LOOP('',(#2300,#2301,#2302,#2303));
#511=EDGE_LOOP('',(#2304,#2305,#2306,#2307));
#512=EDGE_LOOP('',(#2308,#2309,#2310,#2311));
#513=EDGE_LOOP('',(#2312,#2313,#2314,#2315));
#514=EDGE_LOOP('',(#2316));
#515=EDGE_LOOP('',(#2317));
#516=EDGE_LOOP('',(#2318));
#517=EDGE_LOOP('',(#2319));
#518=EDGE_LOOP('',(#2320));
#519=EDGE_LOOP('',(#2321,#2322,#2323,#2324));
#520=EDGE_LOOP('',(#2325));
#521=EDGE_LOOP('',(#2326));
#522=EDGE_LOOP('',(#2327));
#523=EDGE_LOOP('',(#2328));
#524=EDGE_LOOP('',(#2329));
#525=LINE('',#3559,#800);
#526=LINE('',#3561,#801);
#527=LINE('',#3563,#802);
#528=LINE('',#3564,#803);
#529=LINE('',#3567,#804);
#530=LINE('',#3569,#805);
#531=LINE('',#3570,#806);
#532=LINE('',#3573,#807);
#533=LINE('',#3575,#808);
#534=LINE('',#3576,#809);
#535=LINE('',#3578,#810);
#536=LINE('',#3579,#811);
#537=LINE('',#3584,#812);
#538=LINE('',#3586,#813);
#539=LINE('',#3588,#814);
#540=LINE('',#3589,#815);
#541=LINE('',#3592,#816);
#542=LINE('',#3594,#817);
#543=LINE('',#3596,#818);
#544=LINE('',#3597,#819);
#545=LINE('',#3600,#820);
#546=LINE('',#3602,#821);
#547=LINE('',#3603,#822);
#548=LINE('',#3606,#823);
#549=LINE('',#3607,#824);
#550=LINE('',#3608,#825);
#551=LINE('',#3611,#826);
#552=LINE('',#3615,#827);
#553=LINE('',#3619,#828);
#554=LINE('',#3623,#829);
#555=LINE('',#3625,#830);
#556=LINE('',#3629,#831);
#557=LINE('',#3632,#832);
#558=LINE('',#3635,#833);
#559=LINE('',#3637,#834);
#560=LINE('',#3642,#835);
#561=LINE('',#3644,#836);
#562=LINE('',#3646,#837);
#563=LINE('',#3648,#838);
#564=LINE('',#3650,#839);
#565=LINE('',#3651,#840);
#566=LINE('',#3660,#841);
#567=LINE('',#3661,#842);
#568=LINE('',#3665,#843);
#569=LINE('',#3669,#844);
#570=LINE('',#3673,#845);
#571=LINE('',#3675,#846);
#572=LINE('',#3679,#847);
#573=LINE('',#3682,#848);
#574=LINE('',#3685,#849);
#575=LINE('',#3687,#850);
#576=LINE('',#3689,#851);
#577=LINE('',#3691,#852);
#578=LINE('',#3693,#853);
#579=LINE('',#3695,#854);
#580=LINE('',#3697,#855);
#581=LINE('',#3698,#856);
#582=LINE('',#3709,#857);
#583=LINE('',#3711,#858);
#584=LINE('',#3713,#859);
#585=LINE('',#3714,#860);
#586=LINE('',#3717,#861);
#587=LINE('',#3718,#862);
#588=LINE('',#3722,#863);
#589=LINE('',#3724,#864);
#590=LINE('',#3726,#865);
#591=LINE('',#3727,#866);
#592=LINE('',#3730,#867);
#593=LINE('',#3732,#868);
#594=LINE('',#3733,#869);
#595=LINE('',#3736,#870);
#596=LINE('',#3738,#871);
#597=LINE('',#3739,#872);
#598=LINE('',#3741,#873);
#599=LINE('',#3742,#874);
#600=LINE('',#3747,#875);
#601=LINE('',#3749,#876);
#602=LINE('',#3751,#877);
#603=LINE('',#3752,#878);
#604=LINE('',#3755,#879);
#605=LINE('',#3757,#880);
#606=LINE('',#3758,#881);
#607=LINE('',#3761,#882);
#608=LINE('',#3763,#883);
#609=LINE('',#3764,#884);
#610=LINE('',#3766,#885);
#611=LINE('',#3767,#886);
#612=LINE('',#3772,#887);
#613=LINE('',#3774,#888);
#614=LINE('',#3778,#889);
#615=LINE('',#3779,#890);
#616=LINE('',#3782,#891);
#617=LINE('',#3785,#892);
#618=LINE('',#3788,#893);
#619=LINE('',#3790,#894);
#620=LINE('',#3791,#895);
#621=LINE('',#3794,#896);
#622=LINE('',#3795,#897);
#623=LINE('',#3796,#898);
#624=LINE('',#3798,#899);
#625=LINE('',#3802,#900);
#626=LINE('',#3804,#901);
#627=LINE('',#3805,#902);
#628=LINE('',#3808,#903);
#629=LINE('',#3809,#904);
#630=LINE('',#3812,#905);
#631=LINE('',#3813,#906);
#632=LINE('',#3815,#907);
#633=LINE('',#3818,#908);
#634=LINE('',#3820,#909);
#635=LINE('',#3821,#910);
#636=LINE('',#3824,#911);
#637=LINE('',#3825,#912);
#638=LINE('',#3827,#913);
#639=LINE('',#3828,#914);
#640=LINE('',#3831,#915);
#641=LINE('',#3832,#916);
#642=LINE('',#3835,#917);
#643=LINE('',#3839,#918);
#644=LINE('',#3843,#919);
#645=LINE('',#3848,#920);
#646=LINE('',#3852,#921);
#647=LINE('',#3856,#922);
#648=LINE('',#3860,#923);
#649=LINE('',#3864,#924);
#650=LINE('',#3868,#925);
#651=LINE('',#3870,#926);
#652=LINE('',#3872,#927);
#653=LINE('',#3874,#928);
#654=LINE('',#3875,#929);
#655=LINE('',#3878,#930);
#656=LINE('',#3880,#931);
#657=LINE('',#3882,#932);
#658=LINE('',#3884,#933);
#659=LINE('',#3885,#934);
#660=LINE('',#3887,#935);
#661=LINE('',#3889,#936);
#662=LINE('',#3890,#937);
#663=LINE('',#3891,#938);
#664=LINE('',#3892,#939);
#665=LINE('',#3894,#940);
#666=LINE('',#3896,#941);
#667=LINE('',#3899,#942);
#668=LINE('',#3900,#943);
#669=LINE('',#3906,#944);
#670=LINE('',#3908,#945);
#671=LINE('',#3909,#946);
#672=LINE('',#3912,#947);
#673=LINE('',#3914,#948);
#674=LINE('',#3915,#949);
#675=LINE('',#3918,#950);
#676=LINE('',#3919,#951);
#677=LINE('',#3921,#952);
#678=LINE('',#3931,#953);
#679=LINE('',#3935,#954);
#680=LINE('',#3938,#955);
#681=LINE('',#3942,#956);
#682=LINE('',#3949,#957);
#683=LINE('',#3953,#958);
#684=LINE('',#3957,#959);
#685=LINE('',#3962,#960);
#686=LINE('',#3963,#961);
#687=LINE('',#3965,#962);
#688=LINE('',#3966,#963);
#689=LINE('',#3970,#964);
#690=LINE('',#3972,#965);
#691=LINE('',#3974,#966);
#692=LINE('',#3975,#967);
#693=LINE('',#3981,#968);
#694=LINE('',#3984,#969);
#695=LINE('',#3986,#970);
#696=LINE('',#3987,#971);
#697=LINE('',#3998,#972);
#698=LINE('',#4004,#973);
#699=LINE('',#4006,#974);
#700=LINE('',#4008,#975);
#701=LINE('',#4009,#976);
#702=LINE('',#4015,#977);
#703=LINE('',#4018,#978);
#704=LINE('',#4020,#979);
#705=LINE('',#4021,#980);
#706=LINE('',#4031,#981);
#707=LINE('',#4033,#982);
#708=LINE('',#4035,#983);
#709=LINE('',#4036,#984);
#710=LINE('',#4039,#985);
#711=LINE('',#4041,#986);
#712=LINE('',#4042,#987);
#713=LINE('',#4046,#988);
#714=LINE('',#4048,#989);
#715=LINE('',#4050,#990);
#716=LINE('',#4051,#991);
#717=LINE('',#4054,#992);
#718=LINE('',#4056,#993);
#719=LINE('',#4057,#994);
#720=LINE('',#4061,#995);
#721=LINE('',#4063,#996);
#722=LINE('',#4065,#997);
#723=LINE('',#4066,#998);
#724=LINE('',#4068,#999);
#725=LINE('',#4069,#1000);
#726=LINE('',#4072,#1001);
#727=LINE('',#4074,#1002);
#728=LINE('',#4076,#1003);
#729=LINE('',#4078,#1004);
#730=LINE('',#4079,#1005);
#731=LINE('',#4082,#1006);
#732=LINE('',#4084,#1007);
#733=LINE('',#4085,#1008);
#734=LINE('',#4087,#1009);
#735=LINE('',#4088,#1010);
#736=LINE('',#4091,#1011);
#737=LINE('',#4092,#1012);
#738=LINE('',#4094,#1013);
#739=LINE('',#4096,#1014);
#740=LINE('',#4097,#1015);
#741=LINE('',#4100,#1016);
#742=LINE('',#4102,#1017);
#743=LINE('',#4103,#1018);
#744=LINE('',#4108,#1019);
#745=LINE('',#4114,#1020);
#746=LINE('',#4120,#1021);
#747=LINE('',#4126,#1022);
#748=LINE('',#4132,#1023);
#749=LINE('',#4137,#1024);
#750=LINE('',#4139,#1025);
#751=LINE('',#4141,#1026);
#752=LINE('',#4142,#1027);
#753=LINE('',#4144,#1028);
#754=LINE('',#4145,#1029);
#755=LINE('',#4147,#1030);
#756=LINE('',#4149,#1031);
#757=LINE('',#4152,#1032);
#758=LINE('',#4154,#1033);
#759=LINE('',#4161,#1034);
#760=LINE('',#4167,#1035);
#761=LINE('',#4173,#1036);
#762=LINE('',#4179,#1037);
#763=LINE('',#4185,#1038);
#764=LINE('',#4190,#1039);
#765=LINE('',#4192,#1040);
#766=LINE('',#4194,#1041);
#767=LINE('',#4195,#1042);
#768=LINE('',#4198,#1043);
#769=LINE('',#4200,#1044);
#770=LINE('',#4201,#1045);
#771=LINE('',#4204,#1046);
#772=LINE('',#4206,#1047);
#773=LINE('',#4207,#1048);
#774=LINE('',#4209,#1049);
#775=LINE('',#4210,#1050);
#776=LINE('',#4214,#1051);
#777=LINE('',#4216,#1052);
#778=LINE('',#4218,#1053);
#779=LINE('',#4219,#1054);
#780=LINE('',#4222,#1055);
#781=LINE('',#4224,#1056);
#782=LINE('',#4225,#1057);
#783=LINE('',#4228,#1058);
#784=LINE('',#4230,#1059);
#785=LINE('',#4231,#1060);
#786=LINE('',#4233,#1061);
#787=LINE('',#4234,#1062);
#788=LINE('',#4239,#1063);
#789=LINE('',#4241,#1064);
#790=LINE('',#4243,#1065);
#791=LINE('',#4244,#1066);
#792=LINE('',#4248,#1067);
#793=LINE('',#4249,#1068);
#794=LINE('',#4250,#1069);
#795=LINE('',#4253,#1070);
#796=LINE('',#4254,#1071);
#797=LINE('',#4257,#1072);
#798=LINE('',#4258,#1073);
#799=LINE('',#4260,#1074);
#800=VECTOR('',#2853,10.);
#801=VECTOR('',#2854,10.);
#802=VECTOR('',#2855,10.);
#803=VECTOR('',#2856,10.);
#804=VECTOR('',#2859,10.);
#805=VECTOR('',#2860,10.);
#806=VECTOR('',#2861,10.);
#807=VECTOR('',#2864,10.);
#808=VECTOR('',#2865,10.);
#809=VECTOR('',#2866,10.);
#810=VECTOR('',#2869,10.);
#811=VECTOR('',#2870,10.);
#812=VECTOR('',#2875,10.);
#813=VECTOR('',#2876,10.);
#814=VECTOR('',#2877,10.);
#815=VECTOR('',#2878,10.);
#816=VECTOR('',#2881,10.);
#817=VECTOR('',#2882,10.);
#818=VECTOR('',#2883,10.);
#819=VECTOR('',#2884,10.);
#820=VECTOR('',#2887,10.);
#821=VECTOR('',#2888,10.);
#822=VECTOR('',#2889,10.);
#823=VECTOR('',#2892,10.);
#824=VECTOR('',#2893,10.);
#825=VECTOR('',#2894,10.);
#826=VECTOR('',#2899,10.);
#827=VECTOR('',#2902,10.);
#828=VECTOR('',#2905,10.);
#829=VECTOR('',#2910,10.);
#830=VECTOR('',#2911,10.);
#831=VECTOR('',#2916,10.);
#832=VECTOR('',#2919,10.);
#833=VECTOR('',#2922,10.);
#834=VECTOR('',#2923,10.);
#835=VECTOR('',#2928,10.);
#836=VECTOR('',#2929,10.);
#837=VECTOR('',#2930,10.);
#838=VECTOR('',#2931,10.);
#839=VECTOR('',#2932,10.);
#840=VECTOR('',#2933,10.);
#841=VECTOR('',#2942,10.);
#842=VECTOR('',#2943,10.);
#843=VECTOR('',#2946,10.);
#844=VECTOR('',#2949,10.);
#845=VECTOR('',#2954,10.);
#846=VECTOR('',#2955,10.);
#847=VECTOR('',#2960,10.);
#848=VECTOR('',#2963,10.);
#849=VECTOR('',#2966,10.);
#850=VECTOR('',#2967,10.);
#851=VECTOR('',#2968,10.);
#852=VECTOR('',#2969,10.);
#853=VECTOR('',#2970,10.);
#854=VECTOR('',#2971,10.);
#855=VECTOR('',#2972,10.);
#856=VECTOR('',#2973,10.);
#857=VECTOR('',#2982,10.);
#858=VECTOR('',#2983,10.);
#859=VECTOR('',#2984,10.);
#860=VECTOR('',#2985,10.);
#861=VECTOR('',#2988,10.);
#862=VECTOR('',#2989,10.);
#863=VECTOR('',#2992,10.);
#864=VECTOR('',#2993,10.);
#865=VECTOR('',#2994,10.);
#866=VECTOR('',#2995,10.);
#867=VECTOR('',#2998,10.);
#868=VECTOR('',#2999,10.);
#869=VECTOR('',#3000,10.);
#870=VECTOR('',#3003,10.);
#871=VECTOR('',#3004,10.);
#872=VECTOR('',#3005,10.);
#873=VECTOR('',#3008,10.);
#874=VECTOR('',#3009,10.);
#875=VECTOR('',#3014,10.);
#876=VECTOR('',#3015,10.);
#877=VECTOR('',#3016,10.);
#878=VECTOR('',#3017,10.);
#879=VECTOR('',#3020,10.);
#880=VECTOR('',#3021,10.);
#881=VECTOR('',#3022,10.);
#882=VECTOR('',#3025,10.);
#883=VECTOR('',#3026,10.);
#884=VECTOR('',#3027,10.);
#885=VECTOR('',#3030,10.);
#886=VECTOR('',#3031,10.);
#887=VECTOR('',#3036,10.);
#888=VECTOR('',#3037,10.);
#889=VECTOR('',#3040,10.);
#890=VECTOR('',#3041,10.);
#891=VECTOR('',#3044,10.);
#892=VECTOR('',#3047,10.);
#893=VECTOR('',#3050,10.);
#894=VECTOR('',#3051,10.);
#895=VECTOR('',#3052,10.);
#896=VECTOR('',#3055,10.);
#897=VECTOR('',#3056,10.);
#898=VECTOR('',#3057,10.);
#899=VECTOR('',#3060,10.);
#900=VECTOR('',#3065,10.);
#901=VECTOR('',#3066,10.);
#902=VECTOR('',#3067,10.);
#903=VECTOR('',#3070,10.);
#904=VECTOR('',#3071,10.);
#905=VECTOR('',#3074,10.);
#906=VECTOR('',#3075,10.);
#907=VECTOR('',#3078,10.);
#908=VECTOR('',#3083,10.);
#909=VECTOR('',#3084,10.);
#910=VECTOR('',#3085,10.);
#911=VECTOR('',#3088,10.);
#912=VECTOR('',#3089,10.);
#913=VECTOR('',#3090,10.);
#914=VECTOR('',#3091,10.);
#915=VECTOR('',#3094,10.);
#916=VECTOR('',#3095,10.);
#917=VECTOR('',#3098,4.50000013411046);
#918=VECTOR('',#3103,4.50000013411046);
#919=VECTOR('',#3108,4.49999999999999);
#920=VECTOR('',#3115,4.49999999999999);
#921=VECTOR('',#3120,4.50000000000003);
#922=VECTOR('',#3125,4.50000000000003);
#923=VECTOR('',#3130,4.5);
#924=VECTOR('',#3135,4.5);
#925=VECTOR('',#3140,10.);
#926=VECTOR('',#3141,10.);
#927=VECTOR('',#3142,10.);
#928=VECTOR('',#3143,10.);
#929=VECTOR('',#3144,10.);
#930=VECTOR('',#3147,10.);
#931=VECTOR('',#3148,10.);
#932=VECTOR('',#3149,10.);
#933=VECTOR('',#3150,10.);
#934=VECTOR('',#3151,10.);
#935=VECTOR('',#3154,10.);
#936=VECTOR('',#3157,10.);
#937=VECTOR('',#3158,10.);
#938=VECTOR('',#3159,10.);
#939=VECTOR('',#3160,10.);
#940=VECTOR('',#3163,10.);
#941=VECTOR('',#3166,10.);
#942=VECTOR('',#3171,10.);
#943=VECTOR('',#3172,10.);
#944=VECTOR('',#3179,10.);
#945=VECTOR('',#3180,10.);
#946=VECTOR('',#3181,10.);
#947=VECTOR('',#3184,10.);
#948=VECTOR('',#3185,10.);
#949=VECTOR('',#3186,10.);
#950=VECTOR('',#3189,10.);
#951=VECTOR('',#3190,10.);
#952=VECTOR('',#3193,10.);
#953=VECTOR('',#3206,4.49999999999999);
#954=VECTOR('',#3209,10.);
#955=VECTOR('',#3212,4.49999999999999);
#956=VECTOR('',#3215,10.);
#957=VECTOR('',#3224,4.49999999999999);
#958=VECTOR('',#3227,10.);
#959=VECTOR('',#3230,10.);
#960=VECTOR('',#3239,10.);
#961=VECTOR('',#3240,10.);
#962=VECTOR('',#3243,10.);
#963=VECTOR('',#3244,10.);
#964=VECTOR('',#3247,10.);
#965=VECTOR('',#3248,10.);
#966=VECTOR('',#3249,10.);
#967=VECTOR('',#3250,10.);
#968=VECTOR('',#3257,10.);
#969=VECTOR('',#3260,10.);
#970=VECTOR('',#3261,10.);
#971=VECTOR('',#3262,10.);
#972=VECTOR('',#3279,0.5);
#973=VECTOR('',#3286,10.);
#974=VECTOR('',#3287,10.);
#975=VECTOR('',#3288,10.);
#976=VECTOR('',#3289,10.);
#977=VECTOR('',#3296,10.);
#978=VECTOR('',#3299,10.);
#979=VECTOR('',#3300,10.);
#980=VECTOR('',#3301,10.);
#981=VECTOR('',#3316,10.);
#982=VECTOR('',#3317,10.);
#983=VECTOR('',#3318,10.);
#984=VECTOR('',#3319,10.);
#985=VECTOR('',#3322,10.);
#986=VECTOR('',#3323,10.);
#987=VECTOR('',#3324,10.);
#988=VECTOR('',#3327,10.);
#989=VECTOR('',#3328,10.);
#990=VECTOR('',#3329,10.);
#991=VECTOR('',#3330,10.);
#992=VECTOR('',#3333,10.);
#993=VECTOR('',#3334,10.);
#994=VECTOR('',#3335,10.);
#995=VECTOR('',#3338,10.);
#996=VECTOR('',#3339,10.);
#997=VECTOR('',#3340,10.);
#998=VECTOR('',#3341,10.);
#999=VECTOR('',#3344,10.);
#1000=VECTOR('',#3345,10.);
#1001=VECTOR('',#3348,10.);
#1002=VECTOR('',#3349,10.);
#1003=VECTOR('',#3350,10.);
#1004=VECTOR('',#3351,10.);
#1005=VECTOR('',#3352,10.);
#1006=VECTOR('',#3355,10.);
#1007=VECTOR('',#3356,10.);
#1008=VECTOR('',#3357,10.);
#1009=VECTOR('',#3358,10.);
#1010=VECTOR('',#3359,10.);
#1011=VECTOR('',#3362,10.);
#1012=VECTOR('',#3363,10.);
#1013=VECTOR('',#3364,10.);
#1014=VECTOR('',#3365,10.);
#1015=VECTOR('',#3366,10.);
#1016=VECTOR('',#3369,10.);
#1017=VECTOR('',#3370,10.);
#1018=VECTOR('',#3371,10.);
#1019=VECTOR('',#3376,1.59999999999999);
#1020=VECTOR('',#3383,1.6);
#1021=VECTOR('',#3390,1.6);
#1022=VECTOR('',#3397,1.6);
#1023=VECTOR('',#3404,17.5);
#1024=VECTOR('',#3409,10.);
#1025=VECTOR('',#3410,10.);
#1026=VECTOR('',#3411,10.);
#1027=VECTOR('',#3412,10.);
#1028=VECTOR('',#3415,10.);
#1029=VECTOR('',#3416,10.);
#1030=VECTOR('',#3419,10.);
#1031=VECTOR('',#3422,10.);
#1032=VECTOR('',#3427,10.);
#1033=VECTOR('',#3430,10.);
#1034=VECTOR('',#3439,1.6);
#1035=VECTOR('',#3446,1.6);
#1036=VECTOR('',#3453,1.6);
#1037=VECTOR('',#3460,1.6);
#1038=VECTOR('',#3467,17.5);
#1039=VECTOR('',#3472,10.);
#1040=VECTOR('',#3473,10.);
#1041=VECTOR('',#3474,10.);
#1042=VECTOR('',#3475,10.);
#1043=VECTOR('',#3478,10.);
#1044=VECTOR('',#3479,10.);
#1045=VECTOR('',#3480,10.);
#1046=VECTOR('',#3483,10.);
#1047=VECTOR('',#3484,10.);
#1048=VECTOR('',#3485,10.);
#1049=VECTOR('',#3488,10.);
#1050=VECTOR('',#3489,10.);
#1051=VECTOR('',#3492,10.);
#1052=VECTOR('',#3493,10.);
#1053=VECTOR('',#3494,10.);
#1054=VECTOR('',#3495,10.);
#1055=VECTOR('',#3498,10.);
#1056=VECTOR('',#3499,10.);
#1057=VECTOR('',#3500,10.);
#1058=VECTOR('',#3503,10.);
#1059=VECTOR('',#3504,10.);
#1060=VECTOR('',#3505,10.);
#1061=VECTOR('',#3508,10.);
#1062=VECTOR('',#3509,10.);
#1063=VECTOR('',#3514,10.);
#1064=VECTOR('',#3515,10.);
#1065=VECTOR('',#3516,10.);
#1066=VECTOR('',#3517,10.);
#1067=VECTOR('',#3520,10.);
#1068=VECTOR('',#3521,10.);
#1069=VECTOR('',#3522,10.);
#1070=VECTOR('',#3525,10.);
#1071=VECTOR('',#3526,10.);
#1072=VECTOR('',#3529,10.);
#1073=VECTOR('',#3530,10.);
#1074=VECTOR('',#3533,10.);
#1075=VERTEX_POINT('',#3557);
#1076=VERTEX_POINT('',#3558);
#1077=VERTEX_POINT('',#3560);
#1078=VERTEX_POINT('',#3562);
#1079=VERTEX_POINT('',#3566);
#1080=VERTEX_POINT('',#3568);
#1081=VERTEX_POINT('',#3572);
#1082=VERTEX_POINT('',#3574);
#1083=VERTEX_POINT('',#3582);
#1084=VERTEX_POINT('',#3583);
#1085=VERTEX_POINT('',#3585);
#1086=VERTEX_POINT('',#3587);
#1087=VERTEX_POINT('',#3591);
#1088=VERTEX_POINT('',#3593);
#1089=VERTEX_POINT('',#3595);
#1090=VERTEX_POINT('',#3599);
#1091=VERTEX_POINT('',#3601);
#1092=VERTEX_POINT('',#3605);
#1093=VERTEX_POINT('',#3613);
#1094=VERTEX_POINT('',#3614);
#1095=VERTEX_POINT('',#3616);
#1096=VERTEX_POINT('',#3618);
#1097=VERTEX_POINT('',#3622);
#1098=VERTEX_POINT('',#3624);
#1099=VERTEX_POINT('',#3628);
#1100=VERTEX_POINT('',#3630);
#1101=VERTEX_POINT('',#3634);
#1102=VERTEX_POINT('',#3636);
#1103=VERTEX_POINT('',#3638);
#1104=VERTEX_POINT('',#3641);
#1105=VERTEX_POINT('',#3643);
#1106=VERTEX_POINT('',#3645);
#1107=VERTEX_POINT('',#3647);
#1108=VERTEX_POINT('',#3649);
#1109=VERTEX_POINT('',#3652);
#1110=VERTEX_POINT('',#3654);
#1111=VERTEX_POINT('',#3656);
#1112=VERTEX_POINT('',#3659);
#1113=VERTEX_POINT('',#3663);
#1114=VERTEX_POINT('',#3664);
#1115=VERTEX_POINT('',#3666);
#1116=VERTEX_POINT('',#3668);
#1117=VERTEX_POINT('',#3672);
#1118=VERTEX_POINT('',#3674);
#1119=VERTEX_POINT('',#3678);
#1120=VERTEX_POINT('',#3680);
#1121=VERTEX_POINT('',#3684);
#1122=VERTEX_POINT('',#3686);
#1123=VERTEX_POINT('',#3688);
#1124=VERTEX_POINT('',#3690);
#1125=VERTEX_POINT('',#3692);
#1126=VERTEX_POINT('',#3694);
#1127=VERTEX_POINT('',#3696);
#1128=VERTEX_POINT('',#3699);
#1129=VERTEX_POINT('',#3701);
#1130=VERTEX_POINT('',#3703);
#1131=VERTEX_POINT('',#3705);
#1132=VERTEX_POINT('',#3707);
#1133=VERTEX_POINT('',#3708);
#1134=VERTEX_POINT('',#3710);
#1135=VERTEX_POINT('',#3712);
#1136=VERTEX_POINT('',#3716);
#1137=VERTEX_POINT('',#3720);
#1138=VERTEX_POINT('',#3721);
#1139=VERTEX_POINT('',#3723);
#1140=VERTEX_POINT('',#3725);
#1141=VERTEX_POINT('',#3729);
#1142=VERTEX_POINT('',#3731);
#1143=VERTEX_POINT('',#3735);
#1144=VERTEX_POINT('',#3737);
#1145=VERTEX_POINT('',#3745);
#1146=VERTEX_POINT('',#3746);
#1147=VERTEX_POINT('',#3748);
#1148=VERTEX_POINT('',#3750);
#1149=VERTEX_POINT('',#3754);
#1150=VERTEX_POINT('',#3756);
#1151=VERTEX_POINT('',#3760);
#1152=VERTEX_POINT('',#3762);
#1153=VERTEX_POINT('',#3770);
#1154=VERTEX_POINT('',#3771);
#1155=VERTEX_POINT('',#3773);
#1156=VERTEX_POINT('',#3775);
#1157=VERTEX_POINT('',#3777);
#1158=VERTEX_POINT('',#3781);
#1159=VERTEX_POINT('',#3783);
#1160=VERTEX_POINT('',#3787);
#1161=VERTEX_POINT('',#3789);
#1162=VERTEX_POINT('',#3793);
#1163=VERTEX_POINT('',#3801);
#1164=VERTEX_POINT('',#3803);
#1165=VERTEX_POINT('',#3807);
#1166=VERTEX_POINT('',#3811);
#1167=VERTEX_POINT('',#3819);
#1168=VERTEX_POINT('',#3823);
#1169=VERTEX_POINT('',#3826);
#1170=VERTEX_POINT('',#3830);
#1171=VERTEX_POINT('',#3834);
#1172=VERTEX_POINT('',#3838);
#1173=VERTEX_POINT('',#3842);
#1174=VERTEX_POINT('',#3847);
#1175=VERTEX_POINT('',#3851);
#1176=VERTEX_POINT('',#3855);
#1177=VERTEX_POINT('',#3859);
#1178=VERTEX_POINT('',#3863);
#1179=VERTEX_POINT('',#3867);
#1180=VERTEX_POINT('',#3869);
#1181=VERTEX_POINT('',#3871);
#1182=VERTEX_POINT('',#3873);
#1183=VERTEX_POINT('',#3877);
#1184=VERTEX_POINT('',#3879);
#1185=VERTEX_POINT('',#3881);
#1186=VERTEX_POINT('',#3883);
#1187=VERTEX_POINT('',#3904);
#1188=VERTEX_POINT('',#3905);
#1189=VERTEX_POINT('',#3907);
#1190=VERTEX_POINT('',#3911);
#1191=VERTEX_POINT('',#3913);
#1192=VERTEX_POINT('',#3917);
#1193=VERTEX_POINT('',#3925);
#1194=VERTEX_POINT('',#3928);
#1195=VERTEX_POINT('',#3930);
#1196=VERTEX_POINT('',#3932);
#1197=VERTEX_POINT('',#3934);
#1198=VERTEX_POINT('',#3936);
#1199=VERTEX_POINT('',#3939);
#1200=VERTEX_POINT('',#3941);
#1201=VERTEX_POINT('',#3946);
#1202=VERTEX_POINT('',#3948);
#1203=VERTEX_POINT('',#3951);
#1204=VERTEX_POINT('',#3952);
#1205=VERTEX_POINT('',#3954);
#1206=VERTEX_POINT('',#3956);
#1207=VERTEX_POINT('',#3968);
#1208=VERTEX_POINT('',#3969);
#1209=VERTEX_POINT('',#3971);
#1210=VERTEX_POINT('',#3973);
#1211=VERTEX_POINT('',#3977);
#1212=VERTEX_POINT('',#3979);
#1213=VERTEX_POINT('',#3983);
#1214=VERTEX_POINT('',#3985);
#1215=VERTEX_POINT('',#3995);
#1216=VERTEX_POINT('',#3997);
#1217=VERTEX_POINT('',#4002);
#1218=VERTEX_POINT('',#4003);
#1219=VERTEX_POINT('',#4005);
#1220=VERTEX_POINT('',#4007);
#1221=VERTEX_POINT('',#4011);
#1222=VERTEX_POINT('',#4013);
#1223=VERTEX_POINT('',#4017);
#1224=VERTEX_POINT('',#4019);
#1225=VERTEX_POINT('',#4029);
#1226=VERTEX_POINT('',#4030);
#1227=VERTEX_POINT('',#4032);
#1228=VERTEX_POINT('',#4034);
#1229=VERTEX_POINT('',#4038);
#1230=VERTEX_POINT('',#4040);
#1231=VERTEX_POINT('',#4044);
#1232=VERTEX_POINT('',#4045);
#1233=VERTEX_POINT('',#4047);
#1234=VERTEX_POINT('',#4049);
#1235=VERTEX_POINT('',#4053);
#1236=VERTEX_POINT('',#4055);
#1237=VERTEX_POINT('',#4059);
#1238=VERTEX_POINT('',#4060);
#1239=VERTEX_POINT('',#4062);
#1240=VERTEX_POINT('',#4064);
#1241=VERTEX_POINT('',#4071);
#1242=VERTEX_POINT('',#4073);
#1243=VERTEX_POINT('',#4075);
#1244=VERTEX_POINT('',#4077);
#1245=VERTEX_POINT('',#4081);
#1246=VERTEX_POINT('',#4083);
#1247=VERTEX_POINT('',#4086);
#1248=VERTEX_POINT('',#4090);
#1249=VERTEX_POINT('',#4093);
#1250=VERTEX_POINT('',#4095);
#1251=VERTEX_POINT('',#4099);
#1252=VERTEX_POINT('',#4101);
#1253=VERTEX_POINT('',#4105);
#1254=VERTEX_POINT('',#4107);
#1255=VERTEX_POINT('',#4111);
#1256=VERTEX_POINT('',#4113);
#1257=VERTEX_POINT('',#4117);
#1258=VERTEX_POINT('',#4119);
#1259=VERTEX_POINT('',#4123);
#1260=VERTEX_POINT('',#4125);
#1261=VERTEX_POINT('',#4129);
#1262=VERTEX_POINT('',#4131);
#1263=VERTEX_POINT('',#4135);
#1264=VERTEX_POINT('',#4136);
#1265=VERTEX_POINT('',#4138);
#1266=VERTEX_POINT('',#4140);
#1267=VERTEX_POINT('',#4158);
#1268=VERTEX_POINT('',#4160);
#1269=VERTEX_POINT('',#4164);
#1270=VERTEX_POINT('',#4166);
#1271=VERTEX_POINT('',#4170);
#1272=VERTEX_POINT('',#4172);
#1273=VERTEX_POINT('',#4176);
#1274=VERTEX_POINT('',#4178);
#1275=VERTEX_POINT('',#4182);
#1276=VERTEX_POINT('',#4184);
#1277=VERTEX_POINT('',#4188);
#1278=VERTEX_POINT('',#4189);
#1279=VERTEX_POINT('',#4191);
#1280=VERTEX_POINT('',#4193);
#1281=VERTEX_POINT('',#4197);
#1282=VERTEX_POINT('',#4199);
#1283=VERTEX_POINT('',#4203);
#1284=VERTEX_POINT('',#4205);
#1285=VERTEX_POINT('',#4212);
#1286=VERTEX_POINT('',#4213);
#1287=VERTEX_POINT('',#4215);
#1288=VERTEX_POINT('',#4217);
#1289=VERTEX_POINT('',#4221);
#1290=VERTEX_POINT('',#4223);
#1291=VERTEX_POINT('',#4227);
#1292=VERTEX_POINT('',#4229);
#1293=VERTEX_POINT('',#4237);
#1294=VERTEX_POINT('',#4238);
#1295=VERTEX_POINT('',#4240);
#1296=VERTEX_POINT('',#4242);
#1297=VERTEX_POINT('',#4246);
#1298=VERTEX_POINT('',#4247);
#1299=VERTEX_POINT('',#4252);
#1300=VERTEX_POINT('',#4256);
#1301=EDGE_CURVE('',#1075,#1076,#525,.T.);
#1302=EDGE_CURVE('',#1075,#1077,#526,.T.);
#1303=EDGE_CURVE('',#1077,#1078,#527,.T.);
#1304=EDGE_CURVE('',#1076,#1078,#528,.T.);
#1305=EDGE_CURVE('',#1079,#1075,#529,.T.);
#1306=EDGE_CURVE('',#1079,#1080,#530,.T.);
#1307=EDGE_CURVE('',#1080,#1077,#531,.T.);
#1308=EDGE_CURVE('',#1081,#1079,#532,.T.);
#1309=EDGE_CURVE('',#1081,#1082,#533,.T.);
#1310=EDGE_CURVE('',#1082,#1080,#534,.T.);
#1311=EDGE_CURVE('',#1076,#1081,#535,.T.);
#1312=EDGE_CURVE('',#1078,#1082,#536,.T.);
#1313=EDGE_CURVE('',#1083,#1084,#537,.T.);
#1314=EDGE_CURVE('',#1083,#1085,#538,.T.);
#1315=EDGE_CURVE('',#1086,#1085,#539,.T.);
#1316=EDGE_CURVE('',#1084,#1086,#540,.T.);
#1317=EDGE_CURVE('',#1084,#1087,#541,.T.);
#1318=EDGE_CURVE('',#1088,#1086,#542,.T.);
#1319=EDGE_CURVE('',#1089,#1088,#543,.T.);
#1320=EDGE_CURVE('',#1087,#1089,#544,.T.);
#1321=EDGE_CURVE('',#1089,#1090,#545,.T.);
#1322=EDGE_CURVE('',#1091,#1088,#546,.T.);
#1323=EDGE_CURVE('',#1090,#1091,#547,.T.);
#1324=EDGE_CURVE('',#1090,#1092,#548,.T.);
#1325=EDGE_CURVE('',#1085,#1091,#549,.T.);
#1326=EDGE_CURVE('',#1092,#1083,#550,.T.);
#1327=EDGE_CURVE('',#1092,#1087,#551,.T.);
#1328=EDGE_CURVE('',#1093,#1094,#552,.T.);
#1329=EDGE_CURVE('',#1095,#1093,#99,.T.);
#1330=EDGE_CURVE('',#1096,#1095,#553,.T.);
#1331=EDGE_CURVE('',#1094,#1096,#100,.T.);
#1332=EDGE_CURVE('',#1094,#1097,#554,.T.);
#1333=EDGE_CURVE('',#1098,#1096,#555,.T.);
#1334=EDGE_CURVE('',#1097,#1098,#101,.T.);
#1335=EDGE_CURVE('',#1099,#1093,#556,.T.);
#1336=EDGE_CURVE('',#1100,#1099,#102,.T.);
#1337=EDGE_CURVE('',#1095,#1100,#557,.T.);
#1338=EDGE_CURVE('',#1101,#1097,#558,.T.);
#1339=EDGE_CURVE('',#1102,#1101,#559,.T.);
#1340=EDGE_CURVE('',#1102,#1103,#103,.T.);
#1341=EDGE_CURVE('',#1103,#1102,#104,.T.);
#1342=EDGE_CURVE('',#1104,#1102,#560,.T.);
#1343=EDGE_CURVE('',#1105,#1104,#561,.F.);
#1344=EDGE_CURVE('',#1106,#1105,#562,.F.);
#1345=EDGE_CURVE('',#1107,#1106,#563,.T.);
#1346=EDGE_CURVE('',#1108,#1107,#564,.F.);
#1347=EDGE_CURVE('',#1099,#1108,#565,.T.);
#1348=EDGE_CURVE('',#1109,#1109,#105,.T.);
#1349=EDGE_CURVE('',#1110,#1110,#106,.T.);
#1350=EDGE_CURVE('',#1111,#1111,#107,.T.);
#1351=EDGE_CURVE('',#1112,#1098,#566,.T.);
#1352=EDGE_CURVE('',#1101,#1112,#567,.T.);
#1353=EDGE_CURVE('',#1113,#1114,#568,.T.);
#1354=EDGE_CURVE('',#1115,#1113,#108,.T.);
#1355=EDGE_CURVE('',#1116,#1115,#569,.T.);
#1356=EDGE_CURVE('',#1114,#1116,#109,.T.);
#1357=EDGE_CURVE('',#1114,#1117,#570,.T.);
#1358=EDGE_CURVE('',#1118,#1116,#571,.T.);
#1359=EDGE_CURVE('',#1117,#1118,#110,.T.);
#1360=EDGE_CURVE('',#1119,#1113,#572,.T.);
#1361=EDGE_CURVE('',#1120,#1119,#111,.T.);
#1362=EDGE_CURVE('',#1115,#1120,#573,.T.);
#1363=EDGE_CURVE('',#1121,#1117,#574,.T.);
#1364=EDGE_CURVE('',#1122,#1121,#575,.T.);
#1365=EDGE_CURVE('',#1123,#1122,#576,.T.);
#1366=EDGE_CURVE('',#1123,#1124,#577,.T.);
#1367=EDGE_CURVE('',#1124,#1125,#578,.T.);
#1368=EDGE_CURVE('',#1126,#1125,#579,.T.);
#1369=EDGE_CURVE('',#1126,#1127,#580,.T.);
#1370=EDGE_CURVE('',#1119,#1127,#581,.T.);
#1371=EDGE_CURVE('',#1128,#1128,#112,.T.);
#1372=EDGE_CURVE('',#1129,#1129,#113,.T.);
#1373=EDGE_CURVE('',#1130,#1130,#114,.T.);
#1374=EDGE_CURVE('',#1131,#1131,#115,.T.);
#1375=EDGE_CURVE('',#1132,#1133,#582,.T.);
#1376=EDGE_CURVE('',#1133,#1134,#583,.T.);
#1377=EDGE_CURVE('',#1134,#1135,#584,.T.);
#1378=EDGE_CURVE('',#1135,#1132,#585,.T.);
#1379=EDGE_CURVE('',#1118,#1136,#586,.T.);
#1380=EDGE_CURVE('',#1121,#1136,#587,.T.);
#1381=EDGE_CURVE('',#1137,#1138,#588,.T.);
#1382=EDGE_CURVE('',#1137,#1139,#589,.T.);
#1383=EDGE_CURVE('',#1139,#1140,#590,.T.);
#1384=EDGE_CURVE('',#1138,#1140,#591,.T.);
#1385=EDGE_CURVE('',#1141,#1137,#592,.T.);
#1386=EDGE_CURVE('',#1141,#1142,#593,.T.);
#1387=EDGE_CURVE('',#1142,#1139,#594,.T.);
#1388=EDGE_CURVE('',#1143,#1141,#595,.T.);
#1389=EDGE_CURVE('',#1143,#1144,#596,.T.);
#1390=EDGE_CURVE('',#1144,#1142,#597,.T.);
#1391=EDGE_CURVE('',#1138,#1143,#598,.T.);
#1392=EDGE_CURVE('',#1140,#1144,#599,.T.);
#1393=EDGE_CURVE('',#1145,#1146,#600,.T.);
#1394=EDGE_CURVE('',#1145,#1147,#601,.T.);
#1395=EDGE_CURVE('',#1148,#1147,#602,.T.);
#1396=EDGE_CURVE('',#1146,#1148,#603,.T.);
#1397=EDGE_CURVE('',#1146,#1149,#604,.T.);
#1398=EDGE_CURVE('',#1150,#1148,#605,.T.);
#1399=EDGE_CURVE('',#1149,#1150,#606,.T.);
#1400=EDGE_CURVE('',#1149,#1151,#607,.T.);
#1401=EDGE_CURVE('',#1152,#1150,#608,.T.);
#1402=EDGE_CURVE('',#1151,#1152,#609,.T.);
#1403=EDGE_CURVE('',#1151,#1145,#610,.T.);
#1404=EDGE_CURVE('',#1147,#1152,#611,.T.);
#1405=EDGE_CURVE('',#1153,#1154,#612,.T.);
#1406=EDGE_CURVE('',#1155,#1153,#613,.T.);
#1407=EDGE_CURVE('',#1155,#1156,#116,.T.);
#1408=EDGE_CURVE('',#1157,#1156,#614,.T.);
#1409=EDGE_CURVE('',#1154,#1157,#615,.T.);
#1410=EDGE_CURVE('',#1158,#1155,#616,.T.);
#1411=EDGE_CURVE('',#1159,#1158,#117,.T.);
#1412=EDGE_CURVE('',#1156,#1159,#617,.T.);
#1413=EDGE_CURVE('',#1160,#1154,#618,.T.);
#1414=EDGE_CURVE('',#1161,#1157,#619,.T.);
#1415=EDGE_CURVE('',#1161,#1160,#620,.T.);
#1416=EDGE_CURVE('',#1162,#1158,#621,.T.);
#1417=EDGE_CURVE('',#1160,#1162,#622,.T.);
#1418=EDGE_CURVE('',#1159,#1161,#623,.T.);
#1419=EDGE_CURVE('',#1153,#1162,#624,.T.);
#1420=EDGE_CURVE('',#1132,#1163,#625,.T.);
#1421=EDGE_CURVE('',#1164,#1163,#626,.T.);
#1422=EDGE_CURVE('',#1133,#1164,#627,.T.);
#1423=EDGE_CURVE('',#1165,#1164,#628,.T.);
#1424=EDGE_CURVE('',#1134,#1165,#629,.T.);
#1425=EDGE_CURVE('',#1166,#1165,#630,.T.);
#1426=EDGE_CURVE('',#1135,#1166,#631,.T.);
#1427=EDGE_CURVE('',#1163,#1166,#632,.T.);
#1428=EDGE_CURVE('',#1136,#1101,#633,.T.);
#1429=EDGE_CURVE('',#1167,#1112,#634,.T.);
#1430=EDGE_CURVE('',#1122,#1167,#635,.T.);
#1431=EDGE_CURVE('',#1168,#1167,#636,.T.);
#1432=EDGE_CURVE('',#1168,#1104,#637,.T.);
#1433=EDGE_CURVE('',#1169,#1104,#638,.T.);
#1434=EDGE_CURVE('',#1169,#1123,#639,.T.);
#1435=EDGE_CURVE('',#1170,#1169,#640,.T.);
#1436=EDGE_CURVE('',#1136,#1170,#641,.T.);
#1437=EDGE_CURVE('',#1109,#1171,#642,.T.);
#1438=EDGE_CURVE('',#1171,#1171,#118,.T.);
#1439=EDGE_CURVE('',#1128,#1172,#643,.T.);
#1440=EDGE_CURVE('',#1172,#1172,#119,.T.);
#1441=EDGE_CURVE('',#1131,#1173,#644,.T.);
#1442=EDGE_CURVE('',#1170,#1173,#120,.T.);
#1443=EDGE_CURVE('',#1173,#1170,#121,.T.);
#1444=EDGE_CURVE('',#1103,#1174,#645,.T.);
#1445=EDGE_CURVE('',#1174,#1174,#122,.T.);
#1446=EDGE_CURVE('',#1110,#1175,#646,.T.);
#1447=EDGE_CURVE('',#1175,#1175,#123,.T.);
#1448=EDGE_CURVE('',#1129,#1176,#647,.T.);
#1449=EDGE_CURVE('',#1176,#1176,#124,.T.);
#1450=EDGE_CURVE('',#1111,#1177,#648,.T.);
#1451=EDGE_CURVE('',#1177,#1177,#125,.T.);
#1452=EDGE_CURVE('',#1130,#1178,#649,.T.);
#1453=EDGE_CURVE('',#1178,#1178,#126,.T.);
#1454=EDGE_CURVE('',#1179,#1120,#650,.T.);
#1455=EDGE_CURVE('',#1179,#1180,#651,.F.);
#1456=EDGE_CURVE('',#1180,#1181,#652,.F.);
#1457=EDGE_CURVE('',#1182,#1181,#653,.T.);
#1458=EDGE_CURVE('',#1169,#1182,#654,.T.);
#1459=EDGE_CURVE('',#1100,#1183,#655,.T.);
#1460=EDGE_CURVE('',#1183,#1184,#656,.T.);
#1461=EDGE_CURVE('',#1184,#1185,#657,.T.);
#1462=EDGE_CURVE('',#1185,#1186,#658,.T.);
#1463=EDGE_CURVE('',#1186,#1168,#659,.T.);
#1464=EDGE_CURVE('',#1127,#1179,#660,.T.);
#1465=EDGE_CURVE('',#1184,#1126,#661,.T.);
#1466=EDGE_CURVE('',#1108,#1183,#662,.T.);
#1467=EDGE_CURVE('',#1087,#1107,#663,.T.);
#1468=EDGE_CURVE('',#1180,#1092,#664,.T.);
#1469=EDGE_CURVE('',#1125,#1185,#665,.T.);
#1470=EDGE_CURVE('',#1181,#1106,#666,.F.);
#1471=EDGE_CURVE('',#1124,#1186,#667,.T.);
#1472=EDGE_CURVE('',#1182,#1105,#668,.T.);
#1473=EDGE_CURVE('',#1187,#1188,#669,.T.);
#1474=EDGE_CURVE('',#1188,#1189,#670,.T.);
#1475=EDGE_CURVE('',#1189,#1187,#671,.T.);
#1476=EDGE_CURVE('',#1190,#1187,#672,.T.);
#1477=EDGE_CURVE('',#1190,#1191,#673,.T.);
#1478=EDGE_CURVE('',#1188,#1191,#674,.T.);
#1479=EDGE_CURVE('',#1189,#1192,#675,.T.);
#1480=EDGE_CURVE('',#1192,#1190,#676,.T.);
#1481=EDGE_CURVE('',#1191,#1192,#677,.T.);
#1482=EDGE_CURVE('',#1193,#1193,#127,.T.);
#1483=EDGE_CURVE('',#1194,#1194,#128,.T.);
#1484=EDGE_CURVE('',#1194,#1195,#678,.T.);
#1485=EDGE_CURVE('',#1196,#1195,#129,.T.);
#1486=EDGE_CURVE('',#1197,#1196,#679,.T.);
#1487=EDGE_CURVE('',#1198,#1197,#130,.T.);
#1488=EDGE_CURVE('',#1198,#1193,#680,.T.);
#1489=EDGE_CURVE('',#1199,#1198,#131,.T.);
#1490=EDGE_CURVE('',#1199,#1200,#681,.T.);
#1491=EDGE_CURVE('',#1195,#1200,#132,.T.);
#1492=EDGE_CURVE('',#1201,#1201,#133,.T.);
#1493=EDGE_CURVE('',#1201,#1202,#682,.T.);
#1494=EDGE_CURVE('',#1202,#1202,#134,.T.);
#1495=EDGE_CURVE('',#1203,#1204,#683,.T.);
#1496=EDGE_CURVE('',#1205,#1203,#135,.T.);
#1497=EDGE_CURVE('',#1205,#1206,#684,.T.);
#1498=EDGE_CURVE('',#1204,#1206,#136,.T.);
#1499=EDGE_CURVE('',#1197,#1205,#685,.T.);
#1500=EDGE_CURVE('',#1206,#1196,#686,.T.);
#1501=EDGE_CURVE('',#1203,#1199,#687,.T.);
#1502=EDGE_CURVE('',#1200,#1204,#688,.T.);
#1503=EDGE_CURVE('',#1207,#1208,#689,.T.);
#1504=EDGE_CURVE('',#1208,#1209,#690,.T.);
#1505=EDGE_CURVE('',#1210,#1209,#691,.T.);
#1506=EDGE_CURVE('',#1207,#1210,#692,.T.);
#1507=EDGE_CURVE('',#1211,#1207,#137,.T.);
#1508=EDGE_CURVE('',#1212,#1210,#138,.T.);
#1509=EDGE_CURVE('',#1211,#1212,#693,.T.);
#1510=EDGE_CURVE('',#1213,#1211,#694,.T.);
#1511=EDGE_CURVE('',#1214,#1212,#695,.T.);
#1512=EDGE_CURVE('',#1213,#1214,#696,.T.);
#1513=EDGE_CURVE('',#1208,#1213,#139,.T.);
#1514=EDGE_CURVE('',#1209,#1214,#140,.T.);
#1515=EDGE_CURVE('',#1215,#1215,#141,.T.);
#1516=EDGE_CURVE('',#1215,#1216,#697,.T.);
#1517=EDGE_CURVE('',#1216,#1216,#142,.T.);
#1518=EDGE_CURVE('',#1217,#1218,#698,.T.);
#1519=EDGE_CURVE('',#1217,#1219,#699,.T.);
#1520=EDGE_CURVE('',#1220,#1219,#700,.T.);
#1521=EDGE_CURVE('',#1218,#1220,#701,.T.);
#1522=EDGE_CURVE('',#1221,#1218,#143,.T.);
#1523=EDGE_CURVE('',#1222,#1220,#144,.T.);
#1524=EDGE_CURVE('',#1221,#1222,#702,.T.);
#1525=EDGE_CURVE('',#1221,#1223,#703,.T.);
#1526=EDGE_CURVE('',#1224,#1222,#704,.T.);
#1527=EDGE_CURVE('',#1223,#1224,#705,.T.);
#1528=EDGE_CURVE('',#1217,#1223,#145,.T.);
#1529=EDGE_CURVE('',#1219,#1224,#146,.T.);
#1530=EDGE_CURVE('',#1225,#1226,#706,.T.);
#1531=EDGE_CURVE('',#1225,#1227,#707,.T.);
#1532=EDGE_CURVE('',#1228,#1227,#708,.T.);
#1533=EDGE_CURVE('',#1226,#1228,#709,.T.);
#1534=EDGE_CURVE('',#1229,#1225,#710,.T.);
#1535=EDGE_CURVE('',#1230,#1229,#711,.T.);
#1536=EDGE_CURVE('',#1227,#1230,#712,.T.);
#1537=EDGE_CURVE('',#1231,#1232,#713,.T.);
#1538=EDGE_CURVE('',#1233,#1231,#714,.T.);
#1539=EDGE_CURVE('',#1234,#1233,#715,.T.);
#1540=EDGE_CURVE('',#1232,#1234,#716,.T.);
#1541=EDGE_CURVE('',#1226,#1235,#717,.T.);
#1542=EDGE_CURVE('',#1236,#1228,#718,.T.);
#1543=EDGE_CURVE('',#1235,#1236,#719,.T.);
#1544=EDGE_CURVE('',#1237,#1238,#720,.T.);
#1545=EDGE_CURVE('',#1239,#1237,#721,.T.);
#1546=EDGE_CURVE('',#1240,#1239,#722,.T.);
#1547=EDGE_CURVE('',#1240,#1238,#723,.T.);
#1548=EDGE_CURVE('',#1238,#1231,#724,.T.);
#1549=EDGE_CURVE('',#1233,#1240,#725,.T.);
#1550=EDGE_CURVE('',#1241,#1239,#726,.T.);
#1551=EDGE_CURVE('',#1241,#1242,#727,.T.);
#1552=EDGE_CURVE('',#1243,#1242,#728,.T.);
#1553=EDGE_CURVE('',#1244,#1243,#729,.T.);
#1554=EDGE_CURVE('',#1234,#1244,#730,.T.);
#1555=EDGE_CURVE('',#1237,#1245,#731,.T.);
#1556=EDGE_CURVE('',#1245,#1246,#732,.T.);
#1557=EDGE_CURVE('',#1246,#1235,#733,.T.);
#1558=EDGE_CURVE('',#1236,#1247,#734,.T.);
#1559=EDGE_CURVE('',#1247,#1241,#735,.T.);
#1560=EDGE_CURVE('',#1244,#1248,#736,.T.);
#1561=EDGE_CURVE('',#1248,#1230,#737,.T.);
#1562=EDGE_CURVE('',#1229,#1249,#738,.T.);
#1563=EDGE_CURVE('',#1249,#1250,#739,.T.);
#1564=EDGE_CURVE('',#1250,#1232,#740,.T.);
#1565=EDGE_CURVE('',#1248,#1251,#741,.T.);
#1566=EDGE_CURVE('',#1252,#1251,#742,.T.);
#1567=EDGE_CURVE('',#1247,#1252,#743,.T.);
#1568=EDGE_CURVE('',#1253,#1253,#147,.T.);
#1569=EDGE_CURVE('',#1253,#1254,#744,.T.);
#1570=EDGE_CURVE('',#1254,#1254,#148,.T.);
#1571=EDGE_CURVE('',#1255,#1255,#149,.T.);
#1572=EDGE_CURVE('',#1255,#1256,#745,.T.);
#1573=EDGE_CURVE('',#1256,#1256,#150,.T.);
#1574=EDGE_CURVE('',#1257,#1257,#151,.T.);
#1575=EDGE_CURVE('',#1257,#1258,#746,.T.);
#1576=EDGE_CURVE('',#1258,#1258,#152,.T.);
#1577=EDGE_CURVE('',#1259,#1259,#153,.T.);
#1578=EDGE_CURVE('',#1259,#1260,#747,.T.);
#1579=EDGE_CURVE('',#1260,#1260,#154,.T.);
#1580=EDGE_CURVE('',#1261,#1261,#155,.T.);
#1581=EDGE_CURVE('',#1261,#1262,#748,.T.);
#1582=EDGE_CURVE('',#1262,#1262,#156,.T.);
#1583=EDGE_CURVE('',#1263,#1264,#749,.T.);
#1584=EDGE_CURVE('',#1264,#1265,#750,.T.);
#1585=EDGE_CURVE('',#1265,#1266,#751,.T.);
#1586=EDGE_CURVE('',#1266,#1263,#752,.T.);
#1587=EDGE_CURVE('',#1246,#1263,#753,.T.);
#1588=EDGE_CURVE('',#1266,#1249,#754,.T.);
#1589=EDGE_CURVE('',#1265,#1250,#755,.T.);
#1590=EDGE_CURVE('',#1264,#1245,#756,.T.);
#1591=EDGE_CURVE('',#1242,#1252,#757,.T.);
#1592=EDGE_CURVE('',#1251,#1243,#758,.T.);
#1593=EDGE_CURVE('',#1267,#1267,#157,.T.);
#1594=EDGE_CURVE('',#1267,#1268,#759,.T.);
#1595=EDGE_CURVE('',#1268,#1268,#158,.T.);
#1596=EDGE_CURVE('',#1269,#1269,#159,.T.);
#1597=EDGE_CURVE('',#1269,#1270,#760,.T.);
#1598=EDGE_CURVE('',#1270,#1270,#160,.T.);
#1599=EDGE_CURVE('',#1271,#1271,#161,.T.);
#1600=EDGE_CURVE('',#1271,#1272,#761,.T.);
#1601=EDGE_CURVE('',#1272,#1272,#162,.T.);
#1602=EDGE_CURVE('',#1273,#1273,#163,.T.);
#1603=EDGE_CURVE('',#1273,#1274,#762,.T.);
#1604=EDGE_CURVE('',#1274,#1274,#164,.T.);
#1605=EDGE_CURVE('',#1275,#1275,#165,.T.);
#1606=EDGE_CURVE('',#1275,#1276,#763,.T.);
#1607=EDGE_CURVE('',#1276,#1276,#166,.T.);
#1608=EDGE_CURVE('',#1277,#1278,#764,.T.);
#1609=EDGE_CURVE('',#1277,#1279,#765,.F.);
#1610=EDGE_CURVE('',#1280,#1279,#766,.T.);
#1611=EDGE_CURVE('',#1278,#1280,#767,.T.);
#1612=EDGE_CURVE('',#1281,#1277,#768,.T.);
#1613=EDGE_CURVE('',#1281,#1282,#769,.F.);
#1614=EDGE_CURVE('',#1279,#1282,#770,.T.);
#1615=EDGE_CURVE('',#1283,#1281,#771,.T.);
#1616=EDGE_CURVE('',#1283,#1284,#772,.F.);
#1617=EDGE_CURVE('',#1282,#1284,#773,.T.);
#1618=EDGE_CURVE('',#1278,#1283,#774,.T.);
#1619=EDGE_CURVE('',#1284,#1280,#775,.T.);
#1620=EDGE_CURVE('',#1285,#1286,#776,.T.);
#1621=EDGE_CURVE('',#1285,#1287,#777,.T.);
#1622=EDGE_CURVE('',#1288,#1287,#778,.T.);
#1623=EDGE_CURVE('',#1286,#1288,#779,.T.);
#1624=EDGE_CURVE('',#1286,#1289,#780,.T.);
#1625=EDGE_CURVE('',#1290,#1288,#781,.T.);
#1626=EDGE_CURVE('',#1289,#1290,#782,.T.);
#1627=EDGE_CURVE('',#1289,#1291,#783,.T.);
#1628=EDGE_CURVE('',#1292,#1290,#784,.T.);
#1629=EDGE_CURVE('',#1291,#1292,#785,.T.);
#1630=EDGE_CURVE('',#1291,#1285,#786,.T.);
#1631=EDGE_CURVE('',#1287,#1292,#787,.T.);
#1632=EDGE_CURVE('',#1293,#1294,#788,.T.);
#1633=EDGE_CURVE('',#1294,#1295,#789,.T.);
#1634=EDGE_CURVE('',#1295,#1296,#790,.T.);
#1635=EDGE_CURVE('',#1296,#1293,#791,.T.);
#1636=EDGE_CURVE('',#1297,#1298,#792,.T.);
#1637=EDGE_CURVE('',#1297,#1293,#793,.T.);
#1638=EDGE_CURVE('',#1298,#1296,#794,.T.);
#1639=EDGE_CURVE('',#1298,#1299,#795,.T.);
#1640=EDGE_CURVE('',#1299,#1295,#796,.T.);
#1641=EDGE_CURVE('',#1299,#1300,#797,.T.);
#1642=EDGE_CURVE('',#1300,#1294,#798,.T.);
#1643=EDGE_CURVE('',#1300,#1297,#799,.T.);
#1644=ORIENTED_EDGE('',*,*,#1301,.F.);
#1645=ORIENTED_EDGE('',*,*,#1302,.T.);
#1646=ORIENTED_EDGE('',*,*,#1303,.T.);
#1647=ORIENTED_EDGE('',*,*,#1304,.F.);
#1648=ORIENTED_EDGE('',*,*,#1305,.F.);
#1649=ORIENTED_EDGE('',*,*,#1306,.T.);
#1650=ORIENTED_EDGE('',*,*,#1307,.T.);
#1651=ORIENTED_EDGE('',*,*,#1302,.F.);
#1652=ORIENTED_EDGE('',*,*,#1308,.F.);
#1653=ORIENTED_EDGE('',*,*,#1309,.T.);
#1654=ORIENTED_EDGE('',*,*,#1310,.T.);
#1655=ORIENTED_EDGE('',*,*,#1306,.F.);
#1656=ORIENTED_EDGE('',*,*,#1311,.F.);
#1657=ORIENTED_EDGE('',*,*,#1304,.T.);
#1658=ORIENTED_EDGE('',*,*,#1312,.T.);
#1659=ORIENTED_EDGE('',*,*,#1309,.F.);
#1660=ORIENTED_EDGE('',*,*,#1312,.F.);
#1661=ORIENTED_EDGE('',*,*,#1303,.F.);
#1662=ORIENTED_EDGE('',*,*,#1307,.F.);
#1663=ORIENTED_EDGE('',*,*,#1310,.F.);
#1664=ORIENTED_EDGE('',*,*,#1313,.F.);
#1665=ORIENTED_EDGE('',*,*,#1314,.T.);
#1666=ORIENTED_EDGE('',*,*,#1315,.F.);
#1667=ORIENTED_EDGE('',*,*,#1316,.F.);
#1668=ORIENTED_EDGE('',*,*,#1317,.F.);
#1669=ORIENTED_EDGE('',*,*,#1316,.T.);
#1670=ORIENTED_EDGE('',*,*,#1318,.F.);
#1671=ORIENTED_EDGE('',*,*,#1319,.F.);
#1672=ORIENTED_EDGE('',*,*,#1320,.F.);
#1673=ORIENTED_EDGE('',*,*,#1321,.F.);
#1674=ORIENTED_EDGE('',*,*,#1319,.T.);
#1675=ORIENTED_EDGE('',*,*,#1322,.F.);
#1676=ORIENTED_EDGE('',*,*,#1323,.F.);
#1677=ORIENTED_EDGE('',*,*,#1324,.F.);
#1678=ORIENTED_EDGE('',*,*,#1323,.T.);
#1679=ORIENTED_EDGE('',*,*,#1325,.F.);
#1680=ORIENTED_EDGE('',*,*,#1314,.F.);
#1681=ORIENTED_EDGE('',*,*,#1326,.F.);
#1682=ORIENTED_EDGE('',*,*,#1325,.T.);
#1683=ORIENTED_EDGE('',*,*,#1322,.T.);
#1684=ORIENTED_EDGE('',*,*,#1318,.T.);
#1685=ORIENTED_EDGE('',*,*,#1315,.T.);
#1686=ORIENTED_EDGE('',*,*,#1301,.T.);
#1687=ORIENTED_EDGE('',*,*,#1311,.T.);
#1688=ORIENTED_EDGE('',*,*,#1308,.T.);
#1689=ORIENTED_EDGE('',*,*,#1305,.T.);
#1690=ORIENTED_EDGE('',*,*,#1327,.T.);
#1691=ORIENTED_EDGE('',*,*,#1320,.T.);
#1692=ORIENTED_EDGE('',*,*,#1321,.T.);
#1693=ORIENTED_EDGE('',*,*,#1324,.T.);
#1694=ORIENTED_EDGE('',*,*,#1328,.F.);
#1695=ORIENTED_EDGE('',*,*,#1329,.F.);
#1696=ORIENTED_EDGE('',*,*,#1330,.F.);
#1697=ORIENTED_EDGE('',*,*,#1331,.F.);
#1698=ORIENTED_EDGE('',*,*,#1332,.F.);
#1699=ORIENTED_EDGE('',*,*,#1331,.T.);
#1700=ORIENTED_EDGE('',*,*,#1333,.F.);
#1701=ORIENTED_EDGE('',*,*,#1334,.F.);
#1702=ORIENTED_EDGE('',*,*,#1335,.F.);
#1703=ORIENTED_EDGE('',*,*,#1336,.F.);
#1704=ORIENTED_EDGE('',*,*,#1337,.F.);
#1705=ORIENTED_EDGE('',*,*,#1329,.T.);
#1706=ORIENTED_EDGE('',*,*,#1335,.T.);
#1707=ORIENTED_EDGE('',*,*,#1328,.T.);
#1708=ORIENTED_EDGE('',*,*,#1332,.T.);
#1709=ORIENTED_EDGE('',*,*,#1338,.F.);
#1710=ORIENTED_EDGE('',*,*,#1339,.F.);
#1711=ORIENTED_EDGE('',*,*,#1340,.T.);
#1712=ORIENTED_EDGE('',*,*,#1341,.T.);
#1713=ORIENTED_EDGE('',*,*,#1342,.F.);
#1714=ORIENTED_EDGE('',*,*,#1343,.F.);
#1715=ORIENTED_EDGE('',*,*,#1344,.F.);
#1716=ORIENTED_EDGE('',*,*,#1345,.F.);
#1717=ORIENTED_EDGE('',*,*,#1346,.F.);
#1718=ORIENTED_EDGE('',*,*,#1347,.F.);
#1719=ORIENTED_EDGE('',*,*,#1348,.T.);
#1720=ORIENTED_EDGE('',*,*,#1349,.T.);
#1721=ORIENTED_EDGE('',*,*,#1350,.T.);
#1722=ORIENTED_EDGE('',*,*,#1334,.T.);
#1723=ORIENTED_EDGE('',*,*,#1351,.F.);
#1724=ORIENTED_EDGE('',*,*,#1352,.F.);
#1725=ORIENTED_EDGE('',*,*,#1338,.T.);
#1726=ORIENTED_EDGE('',*,*,#1353,.F.);
#1727=ORIENTED_EDGE('',*,*,#1354,.F.);
#1728=ORIENTED_EDGE('',*,*,#1355,.F.);
#1729=ORIENTED_EDGE('',*,*,#1356,.F.);
#1730=ORIENTED_EDGE('',*,*,#1357,.F.);
#1731=ORIENTED_EDGE('',*,*,#1356,.T.);
#1732=ORIENTED_EDGE('',*,*,#1358,.F.);
#1733=ORIENTED_EDGE('',*,*,#1359,.F.);
#1734=ORIENTED_EDGE('',*,*,#1360,.F.);
#1735=ORIENTED_EDGE('',*,*,#1361,.F.);
#1736=ORIENTED_EDGE('',*,*,#1362,.F.);
#1737=ORIENTED_EDGE('',*,*,#1354,.T.);
#1738=ORIENTED_EDGE('',*,*,#1360,.T.);
#1739=ORIENTED_EDGE('',*,*,#1353,.T.);
#1740=ORIENTED_EDGE('',*,*,#1357,.T.);
#1741=ORIENTED_EDGE('',*,*,#1363,.F.);
#1742=ORIENTED_EDGE('',*,*,#1364,.F.);
#1743=ORIENTED_EDGE('',*,*,#1365,.F.);
#1744=ORIENTED_EDGE('',*,*,#1366,.T.);
#1745=ORIENTED_EDGE('',*,*,#1367,.T.);
#1746=ORIENTED_EDGE('',*,*,#1368,.F.);
#1747=ORIENTED_EDGE('',*,*,#1369,.T.);
#1748=ORIENTED_EDGE('',*,*,#1370,.F.);
#1749=ORIENTED_EDGE('',*,*,#1371,.T.);
#1750=ORIENTED_EDGE('',*,*,#1372,.T.);
#1751=ORIENTED_EDGE('',*,*,#1373,.T.);
#1752=ORIENTED_EDGE('',*,*,#1374,.T.);
#1753=ORIENTED_EDGE('',*,*,#1375,.T.);
#1754=ORIENTED_EDGE('',*,*,#1376,.T.);
#1755=ORIENTED_EDGE('',*,*,#1377,.T.);
#1756=ORIENTED_EDGE('',*,*,#1378,.T.);
#1757=ORIENTED_EDGE('',*,*,#1359,.T.);
#1758=ORIENTED_EDGE('',*,*,#1379,.T.);
#1759=ORIENTED_EDGE('',*,*,#1380,.F.);
#1760=ORIENTED_EDGE('',*,*,#1363,.T.);
#1761=ORIENTED_EDGE('',*,*,#1381,.F.);
#1762=ORIENTED_EDGE('',*,*,#1382,.T.);
#1763=ORIENTED_EDGE('',*,*,#1383,.T.);
#1764=ORIENTED_EDGE('',*,*,#1384,.F.);
#1765=ORIENTED_EDGE('',*,*,#1385,.F.);
#1766=ORIENTED_EDGE('',*,*,#1386,.T.);
#1767=ORIENTED_EDGE('',*,*,#1387,.T.);
#1768=ORIENTED_EDGE('',*,*,#1382,.F.);
#1769=ORIENTED_EDGE('',*,*,#1388,.F.);
#1770=ORIENTED_EDGE('',*,*,#1389,.T.);
#1771=ORIENTED_EDGE('',*,*,#1390,.T.);
#1772=ORIENTED_EDGE('',*,*,#1386,.F.);
#1773=ORIENTED_EDGE('',*,*,#1391,.F.);
#1774=ORIENTED_EDGE('',*,*,#1384,.T.);
#1775=ORIENTED_EDGE('',*,*,#1392,.T.);
#1776=ORIENTED_EDGE('',*,*,#1389,.F.);
#1777=ORIENTED_EDGE('',*,*,#1392,.F.);
#1778=ORIENTED_EDGE('',*,*,#1383,.F.);
#1779=ORIENTED_EDGE('',*,*,#1387,.F.);
#1780=ORIENTED_EDGE('',*,*,#1390,.F.);
#1781=ORIENTED_EDGE('',*,*,#1393,.F.);
#1782=ORIENTED_EDGE('',*,*,#1394,.T.);
#1783=ORIENTED_EDGE('',*,*,#1395,.F.);
#1784=ORIENTED_EDGE('',*,*,#1396,.F.);
#1785=ORIENTED_EDGE('',*,*,#1397,.F.);
#1786=ORIENTED_EDGE('',*,*,#1396,.T.);
#1787=ORIENTED_EDGE('',*,*,#1398,.F.);
#1788=ORIENTED_EDGE('',*,*,#1399,.F.);
#1789=ORIENTED_EDGE('',*,*,#1381,.T.);
#1790=ORIENTED_EDGE('',*,*,#1391,.T.);
#1791=ORIENTED_EDGE('',*,*,#1388,.T.);
#1792=ORIENTED_EDGE('',*,*,#1385,.T.);
#1793=ORIENTED_EDGE('',*,*,#1400,.F.);
#1794=ORIENTED_EDGE('',*,*,#1399,.T.);
#1795=ORIENTED_EDGE('',*,*,#1401,.F.);
#1796=ORIENTED_EDGE('',*,*,#1402,.F.);
#1797=ORIENTED_EDGE('',*,*,#1403,.F.);
#1798=ORIENTED_EDGE('',*,*,#1402,.T.);
#1799=ORIENTED_EDGE('',*,*,#1404,.F.);
#1800=ORIENTED_EDGE('',*,*,#1394,.F.);
#1801=ORIENTED_EDGE('',*,*,#1404,.T.);
#1802=ORIENTED_EDGE('',*,*,#1401,.T.);
#1803=ORIENTED_EDGE('',*,*,#1398,.T.);
#1804=ORIENTED_EDGE('',*,*,#1395,.T.);
#1805=ORIENTED_EDGE('',*,*,#1405,.F.);
#1806=ORIENTED_EDGE('',*,*,#1406,.F.);
#1807=ORIENTED_EDGE('',*,*,#1407,.T.);
#1808=ORIENTED_EDGE('',*,*,#1408,.F.);
#1809=ORIENTED_EDGE('',*,*,#1409,.F.);
#1810=ORIENTED_EDGE('',*,*,#1407,.F.);
#1811=ORIENTED_EDGE('',*,*,#1410,.F.);
#1812=ORIENTED_EDGE('',*,*,#1411,.F.);
#1813=ORIENTED_EDGE('',*,*,#1412,.F.);
#1814=ORIENTED_EDGE('',*,*,#1413,.T.);
#1815=ORIENTED_EDGE('',*,*,#1409,.T.);
#1816=ORIENTED_EDGE('',*,*,#1414,.F.);
#1817=ORIENTED_EDGE('',*,*,#1415,.T.);
#1818=ORIENTED_EDGE('',*,*,#1416,.F.);
#1819=ORIENTED_EDGE('',*,*,#1417,.F.);
#1820=ORIENTED_EDGE('',*,*,#1415,.F.);
#1821=ORIENTED_EDGE('',*,*,#1418,.F.);
#1822=ORIENTED_EDGE('',*,*,#1411,.T.);
#1823=ORIENTED_EDGE('',*,*,#1419,.F.);
#1824=ORIENTED_EDGE('',*,*,#1405,.T.);
#1825=ORIENTED_EDGE('',*,*,#1413,.F.);
#1826=ORIENTED_EDGE('',*,*,#1417,.T.);
#1827=ORIENTED_EDGE('',*,*,#1406,.T.);
#1828=ORIENTED_EDGE('',*,*,#1419,.T.);
#1829=ORIENTED_EDGE('',*,*,#1416,.T.);
#1830=ORIENTED_EDGE('',*,*,#1410,.T.);
#1831=ORIENTED_EDGE('',*,*,#1375,.F.);
#1832=ORIENTED_EDGE('',*,*,#1420,.T.);
#1833=ORIENTED_EDGE('',*,*,#1421,.F.);
#1834=ORIENTED_EDGE('',*,*,#1422,.F.);
#1835=ORIENTED_EDGE('',*,*,#1376,.F.);
#1836=ORIENTED_EDGE('',*,*,#1422,.T.);
#1837=ORIENTED_EDGE('',*,*,#1423,.F.);
#1838=ORIENTED_EDGE('',*,*,#1424,.F.);
#1839=ORIENTED_EDGE('',*,*,#1418,.T.);
#1840=ORIENTED_EDGE('',*,*,#1414,.T.);
#1841=ORIENTED_EDGE('',*,*,#1408,.T.);
#1842=ORIENTED_EDGE('',*,*,#1412,.T.);
#1843=ORIENTED_EDGE('',*,*,#1377,.F.);
#1844=ORIENTED_EDGE('',*,*,#1424,.T.);
#1845=ORIENTED_EDGE('',*,*,#1425,.F.);
#1846=ORIENTED_EDGE('',*,*,#1426,.F.);
#1847=ORIENTED_EDGE('',*,*,#1378,.F.);
#1848=ORIENTED_EDGE('',*,*,#1426,.T.);
#1849=ORIENTED_EDGE('',*,*,#1427,.F.);
#1850=ORIENTED_EDGE('',*,*,#1420,.F.);
#1851=ORIENTED_EDGE('',*,*,#1427,.T.);
#1852=ORIENTED_EDGE('',*,*,#1425,.T.);
#1853=ORIENTED_EDGE('',*,*,#1423,.T.);
#1854=ORIENTED_EDGE('',*,*,#1421,.T.);
#1855=ORIENTED_EDGE('',*,*,#1364,.T.);
#1856=ORIENTED_EDGE('',*,*,#1380,.T.);
#1857=ORIENTED_EDGE('',*,*,#1428,.T.);
#1858=ORIENTED_EDGE('',*,*,#1352,.T.);
#1859=ORIENTED_EDGE('',*,*,#1429,.F.);
#1860=ORIENTED_EDGE('',*,*,#1430,.F.);
#1861=ORIENTED_EDGE('',*,*,#1365,.T.);
#1862=ORIENTED_EDGE('',*,*,#1430,.T.);
#1863=ORIENTED_EDGE('',*,*,#1431,.F.);
#1864=ORIENTED_EDGE('',*,*,#1432,.T.);
#1865=ORIENTED_EDGE('',*,*,#1433,.F.);
#1866=ORIENTED_EDGE('',*,*,#1434,.T.);
#1867=ORIENTED_EDGE('',*,*,#1435,.T.);
#1868=ORIENTED_EDGE('',*,*,#1433,.T.);
#1869=ORIENTED_EDGE('',*,*,#1342,.T.);
#1870=ORIENTED_EDGE('',*,*,#1339,.T.);
#1871=ORIENTED_EDGE('',*,*,#1428,.F.);
#1872=ORIENTED_EDGE('',*,*,#1436,.T.);
#1873=ORIENTED_EDGE('',*,*,#1348,.F.);
#1874=ORIENTED_EDGE('',*,*,#1437,.T.);
#1875=ORIENTED_EDGE('',*,*,#1438,.F.);
#1876=ORIENTED_EDGE('',*,*,#1437,.F.);
#1877=ORIENTED_EDGE('',*,*,#1371,.F.);
#1878=ORIENTED_EDGE('',*,*,#1439,.T.);
#1879=ORIENTED_EDGE('',*,*,#1440,.F.);
#1880=ORIENTED_EDGE('',*,*,#1439,.F.);
#1881=ORIENTED_EDGE('',*,*,#1374,.F.);
#1882=ORIENTED_EDGE('',*,*,#1441,.T.);
#1883=ORIENTED_EDGE('',*,*,#1442,.F.);
#1884=ORIENTED_EDGE('',*,*,#1443,.F.);
#1885=ORIENTED_EDGE('',*,*,#1441,.F.);
#1886=ORIENTED_EDGE('',*,*,#1340,.F.);
#1887=ORIENTED_EDGE('',*,*,#1341,.F.);
#1888=ORIENTED_EDGE('',*,*,#1444,.T.);
#1889=ORIENTED_EDGE('',*,*,#1445,.F.);
#1890=ORIENTED_EDGE('',*,*,#1444,.F.);
#1891=ORIENTED_EDGE('',*,*,#1349,.F.);
#1892=ORIENTED_EDGE('',*,*,#1446,.T.);
#1893=ORIENTED_EDGE('',*,*,#1447,.F.);
#1894=ORIENTED_EDGE('',*,*,#1446,.F.);
#1895=ORIENTED_EDGE('',*,*,#1372,.F.);
#1896=ORIENTED_EDGE('',*,*,#1448,.T.);
#1897=ORIENTED_EDGE('',*,*,#1449,.F.);
#1898=ORIENTED_EDGE('',*,*,#1448,.F.);
#1899=ORIENTED_EDGE('',*,*,#1350,.F.);
#1900=ORIENTED_EDGE('',*,*,#1450,.T.);
#1901=ORIENTED_EDGE('',*,*,#1451,.F.);
#1902=ORIENTED_EDGE('',*,*,#1450,.F.);
#1903=ORIENTED_EDGE('',*,*,#1373,.F.);
#1904=ORIENTED_EDGE('',*,*,#1452,.T.);
#1905=ORIENTED_EDGE('',*,*,#1453,.F.);
#1906=ORIENTED_EDGE('',*,*,#1452,.F.);
#1907=ORIENTED_EDGE('',*,*,#1362,.T.);
#1908=ORIENTED_EDGE('',*,*,#1454,.F.);
#1909=ORIENTED_EDGE('',*,*,#1455,.T.);
#1910=ORIENTED_EDGE('',*,*,#1456,.T.);
#1911=ORIENTED_EDGE('',*,*,#1457,.F.);
#1912=ORIENTED_EDGE('',*,*,#1458,.F.);
#1913=ORIENTED_EDGE('',*,*,#1435,.F.);
#1914=ORIENTED_EDGE('',*,*,#1442,.T.);
#1915=ORIENTED_EDGE('',*,*,#1443,.T.);
#1916=ORIENTED_EDGE('',*,*,#1436,.F.);
#1917=ORIENTED_EDGE('',*,*,#1379,.F.);
#1918=ORIENTED_EDGE('',*,*,#1358,.T.);
#1919=ORIENTED_EDGE('',*,*,#1355,.T.);
#1920=ORIENTED_EDGE('',*,*,#1453,.T.);
#1921=ORIENTED_EDGE('',*,*,#1449,.T.);
#1922=ORIENTED_EDGE('',*,*,#1440,.T.);
#1923=ORIENTED_EDGE('',*,*,#1337,.T.);
#1924=ORIENTED_EDGE('',*,*,#1459,.T.);
#1925=ORIENTED_EDGE('',*,*,#1460,.T.);
#1926=ORIENTED_EDGE('',*,*,#1461,.T.);
#1927=ORIENTED_EDGE('',*,*,#1462,.T.);
#1928=ORIENTED_EDGE('',*,*,#1463,.T.);
#1929=ORIENTED_EDGE('',*,*,#1431,.T.);
#1930=ORIENTED_EDGE('',*,*,#1429,.T.);
#1931=ORIENTED_EDGE('',*,*,#1351,.T.);
#1932=ORIENTED_EDGE('',*,*,#1333,.T.);
#1933=ORIENTED_EDGE('',*,*,#1330,.T.);
#1934=ORIENTED_EDGE('',*,*,#1393,.T.);
#1935=ORIENTED_EDGE('',*,*,#1397,.T.);
#1936=ORIENTED_EDGE('',*,*,#1400,.T.);
#1937=ORIENTED_EDGE('',*,*,#1403,.T.);
#1938=ORIENTED_EDGE('',*,*,#1445,.T.);
#1939=ORIENTED_EDGE('',*,*,#1451,.T.);
#1940=ORIENTED_EDGE('',*,*,#1447,.T.);
#1941=ORIENTED_EDGE('',*,*,#1438,.T.);
#1942=ORIENTED_EDGE('',*,*,#1361,.T.);
#1943=ORIENTED_EDGE('',*,*,#1370,.T.);
#1944=ORIENTED_EDGE('',*,*,#1464,.T.);
#1945=ORIENTED_EDGE('',*,*,#1454,.T.);
#1946=ORIENTED_EDGE('',*,*,#1455,.F.);
#1947=ORIENTED_EDGE('',*,*,#1464,.F.);
#1948=ORIENTED_EDGE('',*,*,#1369,.F.);
#1949=ORIENTED_EDGE('',*,*,#1465,.F.);
#1950=ORIENTED_EDGE('',*,*,#1460,.F.);
#1951=ORIENTED_EDGE('',*,*,#1466,.F.);
#1952=ORIENTED_EDGE('',*,*,#1346,.T.);
#1953=ORIENTED_EDGE('',*,*,#1467,.F.);
#1954=ORIENTED_EDGE('',*,*,#1327,.F.);
#1955=ORIENTED_EDGE('',*,*,#1468,.F.);
#1956=ORIENTED_EDGE('',*,*,#1465,.T.);
#1957=ORIENTED_EDGE('',*,*,#1368,.T.);
#1958=ORIENTED_EDGE('',*,*,#1469,.T.);
#1959=ORIENTED_EDGE('',*,*,#1461,.F.);
#1960=ORIENTED_EDGE('',*,*,#1317,.T.);
#1961=ORIENTED_EDGE('',*,*,#1467,.T.);
#1962=ORIENTED_EDGE('',*,*,#1345,.T.);
#1963=ORIENTED_EDGE('',*,*,#1470,.F.);
#1964=ORIENTED_EDGE('',*,*,#1456,.F.);
#1965=ORIENTED_EDGE('',*,*,#1468,.T.);
#1966=ORIENTED_EDGE('',*,*,#1326,.T.);
#1967=ORIENTED_EDGE('',*,*,#1313,.T.);
#1968=ORIENTED_EDGE('',*,*,#1336,.T.);
#1969=ORIENTED_EDGE('',*,*,#1347,.T.);
#1970=ORIENTED_EDGE('',*,*,#1466,.T.);
#1971=ORIENTED_EDGE('',*,*,#1459,.F.);
#1972=ORIENTED_EDGE('',*,*,#1343,.T.);
#1973=ORIENTED_EDGE('',*,*,#1432,.F.);
#1974=ORIENTED_EDGE('',*,*,#1463,.F.);
#1975=ORIENTED_EDGE('',*,*,#1471,.F.);
#1976=ORIENTED_EDGE('',*,*,#1366,.F.);
#1977=ORIENTED_EDGE('',*,*,#1434,.F.);
#1978=ORIENTED_EDGE('',*,*,#1458,.T.);
#1979=ORIENTED_EDGE('',*,*,#1472,.T.);
#1980=ORIENTED_EDGE('',*,*,#1457,.T.);
#1981=ORIENTED_EDGE('',*,*,#1470,.T.);
#1982=ORIENTED_EDGE('',*,*,#1344,.T.);
#1983=ORIENTED_EDGE('',*,*,#1472,.F.);
#1984=ORIENTED_EDGE('',*,*,#1471,.T.);
#1985=ORIENTED_EDGE('',*,*,#1462,.F.);
#1986=ORIENTED_EDGE('',*,*,#1469,.F.);
#1987=ORIENTED_EDGE('',*,*,#1367,.F.);
#1988=ORIENTED_EDGE('',*,*,#1473,.T.);
#1989=ORIENTED_EDGE('',*,*,#1474,.T.);
#1990=ORIENTED_EDGE('',*,*,#1475,.T.);
#1991=ORIENTED_EDGE('',*,*,#1476,.F.);
#1992=ORIENTED_EDGE('',*,*,#1477,.T.);
#1993=ORIENTED_EDGE('',*,*,#1478,.F.);
#1994=ORIENTED_EDGE('',*,*,#1473,.F.);
#1995=ORIENTED_EDGE('',*,*,#1475,.F.);
#1996=ORIENTED_EDGE('',*,*,#1479,.T.);
#1997=ORIENTED_EDGE('',*,*,#1480,.T.);
#1998=ORIENTED_EDGE('',*,*,#1476,.T.);
#1999=ORIENTED_EDGE('',*,*,#1474,.F.);
#2000=ORIENTED_EDGE('',*,*,#1478,.T.);
#2001=ORIENTED_EDGE('',*,*,#1481,.T.);
#2002=ORIENTED_EDGE('',*,*,#1479,.F.);
#2003=ORIENTED_EDGE('',*,*,#1477,.F.);
#2004=ORIENTED_EDGE('',*,*,#1480,.F.);
#2005=ORIENTED_EDGE('',*,*,#1481,.F.);
#2006=ORIENTED_EDGE('',*,*,#1482,.T.);
#2007=ORIENTED_EDGE('',*,*,#1483,.F.);
#2008=ORIENTED_EDGE('',*,*,#1484,.T.);
#2009=ORIENTED_EDGE('',*,*,#1485,.F.);
#2010=ORIENTED_EDGE('',*,*,#1486,.F.);
#2011=ORIENTED_EDGE('',*,*,#1487,.F.);
#2012=ORIENTED_EDGE('',*,*,#1488,.T.);
#2013=ORIENTED_EDGE('',*,*,#1482,.F.);
#2014=ORIENTED_EDGE('',*,*,#1488,.F.);
#2015=ORIENTED_EDGE('',*,*,#1489,.F.);
#2016=ORIENTED_EDGE('',*,*,#1490,.T.);
#2017=ORIENTED_EDGE('',*,*,#1491,.F.);
#2018=ORIENTED_EDGE('',*,*,#1484,.F.);
#2019=ORIENTED_EDGE('',*,*,#1483,.T.);
#2020=ORIENTED_EDGE('',*,*,#1492,.F.);
#2021=ORIENTED_EDGE('',*,*,#1493,.T.);
#2022=ORIENTED_EDGE('',*,*,#1494,.F.);
#2023=ORIENTED_EDGE('',*,*,#1493,.F.);
#2024=ORIENTED_EDGE('',*,*,#1495,.F.);
#2025=ORIENTED_EDGE('',*,*,#1496,.F.);
#2026=ORIENTED_EDGE('',*,*,#1497,.T.);
#2027=ORIENTED_EDGE('',*,*,#1498,.F.);
#2028=ORIENTED_EDGE('',*,*,#1494,.T.);
#2029=ORIENTED_EDGE('',*,*,#1492,.T.);
#2030=ORIENTED_EDGE('',*,*,#1499,.F.);
#2031=ORIENTED_EDGE('',*,*,#1486,.T.);
#2032=ORIENTED_EDGE('',*,*,#1500,.F.);
#2033=ORIENTED_EDGE('',*,*,#1497,.F.);
#2034=ORIENTED_EDGE('',*,*,#1501,.F.);
#2035=ORIENTED_EDGE('',*,*,#1495,.T.);
#2036=ORIENTED_EDGE('',*,*,#1502,.F.);
#2037=ORIENTED_EDGE('',*,*,#1490,.F.);
#2038=ORIENTED_EDGE('',*,*,#1503,.T.);
#2039=ORIENTED_EDGE('',*,*,#1504,.T.);
#2040=ORIENTED_EDGE('',*,*,#1505,.F.);
#2041=ORIENTED_EDGE('',*,*,#1506,.F.);
#2042=ORIENTED_EDGE('',*,*,#1507,.T.);
#2043=ORIENTED_EDGE('',*,*,#1506,.T.);
#2044=ORIENTED_EDGE('',*,*,#1508,.F.);
#2045=ORIENTED_EDGE('',*,*,#1509,.F.);
#2046=ORIENTED_EDGE('',*,*,#1510,.T.);
#2047=ORIENTED_EDGE('',*,*,#1509,.T.);
#2048=ORIENTED_EDGE('',*,*,#1511,.F.);
#2049=ORIENTED_EDGE('',*,*,#1512,.F.);
#2050=ORIENTED_EDGE('',*,*,#1513,.T.);
#2051=ORIENTED_EDGE('',*,*,#1512,.T.);
#2052=ORIENTED_EDGE('',*,*,#1514,.F.);
#2053=ORIENTED_EDGE('',*,*,#1504,.F.);
#2054=ORIENTED_EDGE('',*,*,#1514,.T.);
#2055=ORIENTED_EDGE('',*,*,#1511,.T.);
#2056=ORIENTED_EDGE('',*,*,#1508,.T.);
#2057=ORIENTED_EDGE('',*,*,#1505,.T.);
#2058=ORIENTED_EDGE('',*,*,#1500,.T.);
#2059=ORIENTED_EDGE('',*,*,#1485,.T.);
#2060=ORIENTED_EDGE('',*,*,#1491,.T.);
#2061=ORIENTED_EDGE('',*,*,#1502,.T.);
#2062=ORIENTED_EDGE('',*,*,#1498,.T.);
#2063=ORIENTED_EDGE('',*,*,#1513,.F.);
#2064=ORIENTED_EDGE('',*,*,#1503,.F.);
#2065=ORIENTED_EDGE('',*,*,#1507,.F.);
#2066=ORIENTED_EDGE('',*,*,#1510,.F.);
#2067=ORIENTED_EDGE('',*,*,#1499,.T.);
#2068=ORIENTED_EDGE('',*,*,#1496,.T.);
#2069=ORIENTED_EDGE('',*,*,#1501,.T.);
#2070=ORIENTED_EDGE('',*,*,#1489,.T.);
#2071=ORIENTED_EDGE('',*,*,#1487,.T.);
#2072=ORIENTED_EDGE('',*,*,#1515,.F.);
#2073=ORIENTED_EDGE('',*,*,#1516,.T.);
#2074=ORIENTED_EDGE('',*,*,#1517,.F.);
#2075=ORIENTED_EDGE('',*,*,#1516,.F.);
#2076=ORIENTED_EDGE('',*,*,#1515,.T.);
#2077=ORIENTED_EDGE('',*,*,#1518,.F.);
#2078=ORIENTED_EDGE('',*,*,#1519,.T.);
#2079=ORIENTED_EDGE('',*,*,#1520,.F.);
#2080=ORIENTED_EDGE('',*,*,#1521,.F.);
#2081=ORIENTED_EDGE('',*,*,#1522,.T.);
#2082=ORIENTED_EDGE('',*,*,#1521,.T.);
#2083=ORIENTED_EDGE('',*,*,#1523,.F.);
#2084=ORIENTED_EDGE('',*,*,#1524,.F.);
#2085=ORIENTED_EDGE('',*,*,#1525,.F.);
#2086=ORIENTED_EDGE('',*,*,#1524,.T.);
#2087=ORIENTED_EDGE('',*,*,#1526,.F.);
#2088=ORIENTED_EDGE('',*,*,#1527,.F.);
#2089=ORIENTED_EDGE('',*,*,#1528,.T.);
#2090=ORIENTED_EDGE('',*,*,#1527,.T.);
#2091=ORIENTED_EDGE('',*,*,#1529,.F.);
#2092=ORIENTED_EDGE('',*,*,#1519,.F.);
#2093=ORIENTED_EDGE('',*,*,#1529,.T.);
#2094=ORIENTED_EDGE('',*,*,#1526,.T.);
#2095=ORIENTED_EDGE('',*,*,#1523,.T.);
#2096=ORIENTED_EDGE('',*,*,#1520,.T.);
#2097=ORIENTED_EDGE('',*,*,#1517,.T.);
#2098=ORIENTED_EDGE('',*,*,#1528,.F.);
#2099=ORIENTED_EDGE('',*,*,#1518,.T.);
#2100=ORIENTED_EDGE('',*,*,#1522,.F.);
#2101=ORIENTED_EDGE('',*,*,#1525,.T.);
#2102=ORIENTED_EDGE('',*,*,#1530,.F.);
#2103=ORIENTED_EDGE('',*,*,#1531,.T.);
#2104=ORIENTED_EDGE('',*,*,#1532,.F.);
#2105=ORIENTED_EDGE('',*,*,#1533,.F.);
#2106=ORIENTED_EDGE('',*,*,#1534,.F.);
#2107=ORIENTED_EDGE('',*,*,#1535,.F.);
#2108=ORIENTED_EDGE('',*,*,#1536,.F.);
#2109=ORIENTED_EDGE('',*,*,#1531,.F.);
#2110=ORIENTED_EDGE('',*,*,#1537,.F.);
#2111=ORIENTED_EDGE('',*,*,#1538,.F.);
#2112=ORIENTED_EDGE('',*,*,#1539,.F.);
#2113=ORIENTED_EDGE('',*,*,#1540,.F.);
#2114=ORIENTED_EDGE('',*,*,#1541,.F.);
#2115=ORIENTED_EDGE('',*,*,#1533,.T.);
#2116=ORIENTED_EDGE('',*,*,#1542,.F.);
#2117=ORIENTED_EDGE('',*,*,#1543,.F.);
#2118=ORIENTED_EDGE('',*,*,#1544,.F.);
#2119=ORIENTED_EDGE('',*,*,#1545,.F.);
#2120=ORIENTED_EDGE('',*,*,#1546,.F.);
#2121=ORIENTED_EDGE('',*,*,#1547,.T.);
#2122=ORIENTED_EDGE('',*,*,#1548,.F.);
#2123=ORIENTED_EDGE('',*,*,#1547,.F.);
#2124=ORIENTED_EDGE('',*,*,#1549,.F.);
#2125=ORIENTED_EDGE('',*,*,#1538,.T.);
#2126=ORIENTED_EDGE('',*,*,#1539,.T.);
#2127=ORIENTED_EDGE('',*,*,#1549,.T.);
#2128=ORIENTED_EDGE('',*,*,#1546,.T.);
#2129=ORIENTED_EDGE('',*,*,#1550,.F.);
#2130=ORIENTED_EDGE('',*,*,#1551,.T.);
#2131=ORIENTED_EDGE('',*,*,#1552,.F.);
#2132=ORIENTED_EDGE('',*,*,#1553,.F.);
#2133=ORIENTED_EDGE('',*,*,#1554,.F.);
#2134=ORIENTED_EDGE('',*,*,#1545,.T.);
#2135=ORIENTED_EDGE('',*,*,#1555,.T.);
#2136=ORIENTED_EDGE('',*,*,#1556,.T.);
#2137=ORIENTED_EDGE('',*,*,#1557,.T.);
#2138=ORIENTED_EDGE('',*,*,#1543,.T.);
#2139=ORIENTED_EDGE('',*,*,#1558,.T.);
#2140=ORIENTED_EDGE('',*,*,#1559,.T.);
#2141=ORIENTED_EDGE('',*,*,#1550,.T.);
#2142=ORIENTED_EDGE('',*,*,#1540,.T.);
#2143=ORIENTED_EDGE('',*,*,#1554,.T.);
#2144=ORIENTED_EDGE('',*,*,#1560,.T.);
#2145=ORIENTED_EDGE('',*,*,#1561,.T.);
#2146=ORIENTED_EDGE('',*,*,#1535,.T.);
#2147=ORIENTED_EDGE('',*,*,#1562,.T.);
#2148=ORIENTED_EDGE('',*,*,#1563,.T.);
#2149=ORIENTED_EDGE('',*,*,#1564,.T.);
#2150=ORIENTED_EDGE('',*,*,#1542,.T.);
#2151=ORIENTED_EDGE('',*,*,#1532,.T.);
#2152=ORIENTED_EDGE('',*,*,#1536,.T.);
#2153=ORIENTED_EDGE('',*,*,#1561,.F.);
#2154=ORIENTED_EDGE('',*,*,#1565,.T.);
#2155=ORIENTED_EDGE('',*,*,#1566,.F.);
#2156=ORIENTED_EDGE('',*,*,#1567,.F.);
#2157=ORIENTED_EDGE('',*,*,#1558,.F.);
#2158=ORIENTED_EDGE('',*,*,#1568,.F.);
#2159=ORIENTED_EDGE('',*,*,#1569,.T.);
#2160=ORIENTED_EDGE('',*,*,#1570,.F.);
#2161=ORIENTED_EDGE('',*,*,#1569,.F.);
#2162=ORIENTED_EDGE('',*,*,#1571,.F.);
#2163=ORIENTED_EDGE('',*,*,#1572,.T.);
#2164=ORIENTED_EDGE('',*,*,#1573,.F.);
#2165=ORIENTED_EDGE('',*,*,#1572,.F.);
#2166=ORIENTED_EDGE('',*,*,#1574,.F.);
#2167=ORIENTED_EDGE('',*,*,#1575,.T.);
#2168=ORIENTED_EDGE('',*,*,#1576,.F.);
#2169=ORIENTED_EDGE('',*,*,#1575,.F.);
#2170=ORIENTED_EDGE('',*,*,#1577,.F.);
#2171=ORIENTED_EDGE('',*,*,#1578,.T.);
#2172=ORIENTED_EDGE('',*,*,#1579,.F.);
#2173=ORIENTED_EDGE('',*,*,#1578,.F.);
#2174=ORIENTED_EDGE('',*,*,#1580,.F.);
#2175=ORIENTED_EDGE('',*,*,#1581,.T.);
#2176=ORIENTED_EDGE('',*,*,#1582,.F.);
#2177=ORIENTED_EDGE('',*,*,#1581,.F.);
#2178=ORIENTED_EDGE('',*,*,#1583,.T.);
#2179=ORIENTED_EDGE('',*,*,#1584,.T.);
#2180=ORIENTED_EDGE('',*,*,#1585,.T.);
#2181=ORIENTED_EDGE('',*,*,#1586,.T.);
#2182=ORIENTED_EDGE('',*,*,#1582,.T.);
#2183=ORIENTED_EDGE('',*,*,#1579,.T.);
#2184=ORIENTED_EDGE('',*,*,#1576,.T.);
#2185=ORIENTED_EDGE('',*,*,#1573,.T.);
#2186=ORIENTED_EDGE('',*,*,#1570,.T.);
#2187=ORIENTED_EDGE('',*,*,#1541,.T.);
#2188=ORIENTED_EDGE('',*,*,#1557,.F.);
#2189=ORIENTED_EDGE('',*,*,#1587,.T.);
#2190=ORIENTED_EDGE('',*,*,#1586,.F.);
#2191=ORIENTED_EDGE('',*,*,#1588,.T.);
#2192=ORIENTED_EDGE('',*,*,#1562,.F.);
#2193=ORIENTED_EDGE('',*,*,#1534,.T.);
#2194=ORIENTED_EDGE('',*,*,#1530,.T.);
#2195=ORIENTED_EDGE('',*,*,#1585,.F.);
#2196=ORIENTED_EDGE('',*,*,#1589,.T.);
#2197=ORIENTED_EDGE('',*,*,#1563,.F.);
#2198=ORIENTED_EDGE('',*,*,#1588,.F.);
#2199=ORIENTED_EDGE('',*,*,#1537,.T.);
#2200=ORIENTED_EDGE('',*,*,#1564,.F.);
#2201=ORIENTED_EDGE('',*,*,#1589,.F.);
#2202=ORIENTED_EDGE('',*,*,#1584,.F.);
#2203=ORIENTED_EDGE('',*,*,#1590,.T.);
#2204=ORIENTED_EDGE('',*,*,#1555,.F.);
#2205=ORIENTED_EDGE('',*,*,#1544,.T.);
#2206=ORIENTED_EDGE('',*,*,#1548,.T.);
#2207=ORIENTED_EDGE('',*,*,#1590,.F.);
#2208=ORIENTED_EDGE('',*,*,#1583,.F.);
#2209=ORIENTED_EDGE('',*,*,#1587,.F.);
#2210=ORIENTED_EDGE('',*,*,#1556,.F.);
#2211=ORIENTED_EDGE('',*,*,#1559,.F.);
#2212=ORIENTED_EDGE('',*,*,#1567,.T.);
#2213=ORIENTED_EDGE('',*,*,#1591,.F.);
#2214=ORIENTED_EDGE('',*,*,#1551,.F.);
#2215=ORIENTED_EDGE('',*,*,#1560,.F.);
#2216=ORIENTED_EDGE('',*,*,#1553,.T.);
#2217=ORIENTED_EDGE('',*,*,#1592,.F.);
#2218=ORIENTED_EDGE('',*,*,#1565,.F.);
#2219=ORIENTED_EDGE('',*,*,#1566,.T.);
#2220=ORIENTED_EDGE('',*,*,#1592,.T.);
#2221=ORIENTED_EDGE('',*,*,#1552,.T.);
#2222=ORIENTED_EDGE('',*,*,#1591,.T.);
#2223=ORIENTED_EDGE('',*,*,#1580,.T.);
#2224=ORIENTED_EDGE('',*,*,#1577,.T.);
#2225=ORIENTED_EDGE('',*,*,#1574,.T.);
#2226=ORIENTED_EDGE('',*,*,#1571,.T.);
#2227=ORIENTED_EDGE('',*,*,#1568,.T.);
#2228=ORIENTED_EDGE('',*,*,#1593,.F.);
#2229=ORIENTED_EDGE('',*,*,#1594,.T.);
#2230=ORIENTED_EDGE('',*,*,#1595,.F.);
#2231=ORIENTED_EDGE('',*,*,#1594,.F.);
#2232=ORIENTED_EDGE('',*,*,#1596,.F.);
#2233=ORIENTED_EDGE('',*,*,#1597,.T.);
#2234=ORIENTED_EDGE('',*,*,#1598,.F.);
#2235=ORIENTED_EDGE('',*,*,#1597,.F.);
#2236=ORIENTED_EDGE('',*,*,#1599,.F.);
#2237=ORIENTED_EDGE('',*,*,#1600,.T.);
#2238=ORIENTED_EDGE('',*,*,#1601,.F.);
#2239=ORIENTED_EDGE('',*,*,#1600,.F.);
#2240=ORIENTED_EDGE('',*,*,#1602,.F.);
#2241=ORIENTED_EDGE('',*,*,#1603,.T.);
#2242=ORIENTED_EDGE('',*,*,#1604,.F.);
#2243=ORIENTED_EDGE('',*,*,#1603,.F.);
#2244=ORIENTED_EDGE('',*,*,#1605,.F.);
#2245=ORIENTED_EDGE('',*,*,#1606,.T.);
#2246=ORIENTED_EDGE('',*,*,#1607,.F.);
#2247=ORIENTED_EDGE('',*,*,#1606,.F.);
#2248=ORIENTED_EDGE('',*,*,#1608,.F.);
#2249=ORIENTED_EDGE('',*,*,#1609,.T.);
#2250=ORIENTED_EDGE('',*,*,#1610,.F.);
#2251=ORIENTED_EDGE('',*,*,#1611,.F.);
#2252=ORIENTED_EDGE('',*,*,#1612,.F.);
#2253=ORIENTED_EDGE('',*,*,#1613,.T.);
#2254=ORIENTED_EDGE('',*,*,#1614,.F.);
#2255=ORIENTED_EDGE('',*,*,#1609,.F.);
#2256=ORIENTED_EDGE('',*,*,#1615,.F.);
#2257=ORIENTED_EDGE('',*,*,#1616,.T.);
#2258=ORIENTED_EDGE('',*,*,#1617,.F.);
#2259=ORIENTED_EDGE('',*,*,#1613,.F.);
#2260=ORIENTED_EDGE('',*,*,#1618,.F.);
#2261=ORIENTED_EDGE('',*,*,#1611,.T.);
#2262=ORIENTED_EDGE('',*,*,#1619,.F.);
#2263=ORIENTED_EDGE('',*,*,#1616,.F.);
#2264=ORIENTED_EDGE('',*,*,#1620,.F.);
#2265=ORIENTED_EDGE('',*,*,#1621,.T.);
#2266=ORIENTED_EDGE('',*,*,#1622,.F.);
#2267=ORIENTED_EDGE('',*,*,#1623,.F.);
#2268=ORIENTED_EDGE('',*,*,#1624,.F.);
#2269=ORIENTED_EDGE('',*,*,#1623,.T.);
#2270=ORIENTED_EDGE('',*,*,#1625,.F.);
#2271=ORIENTED_EDGE('',*,*,#1626,.F.);
#2272=ORIENTED_EDGE('',*,*,#1627,.F.);
#2273=ORIENTED_EDGE('',*,*,#1626,.T.);
#2274=ORIENTED_EDGE('',*,*,#1628,.F.);
#2275=ORIENTED_EDGE('',*,*,#1629,.F.);
#2276=ORIENTED_EDGE('',*,*,#1630,.F.);
#2277=ORIENTED_EDGE('',*,*,#1629,.T.);
#2278=ORIENTED_EDGE('',*,*,#1631,.F.);
#2279=ORIENTED_EDGE('',*,*,#1621,.F.);
#2280=ORIENTED_EDGE('',*,*,#1631,.T.);
#2281=ORIENTED_EDGE('',*,*,#1628,.T.);
#2282=ORIENTED_EDGE('',*,*,#1625,.T.);
#2283=ORIENTED_EDGE('',*,*,#1622,.T.);
#2284=ORIENTED_EDGE('',*,*,#1610,.T.);
#2285=ORIENTED_EDGE('',*,*,#1614,.T.);
#2286=ORIENTED_EDGE('',*,*,#1617,.T.);
#2287=ORIENTED_EDGE('',*,*,#1619,.T.);
#2288=ORIENTED_EDGE('',*,*,#1632,.T.);
#2289=ORIENTED_EDGE('',*,*,#1633,.T.);
#2290=ORIENTED_EDGE('',*,*,#1634,.T.);
#2291=ORIENTED_EDGE('',*,*,#1635,.T.);
#2292=ORIENTED_EDGE('',*,*,#1620,.T.);
#2293=ORIENTED_EDGE('',*,*,#1624,.T.);
#2294=ORIENTED_EDGE('',*,*,#1627,.T.);
#2295=ORIENTED_EDGE('',*,*,#1630,.T.);
#2296=ORIENTED_EDGE('',*,*,#1636,.F.);
#2297=ORIENTED_EDGE('',*,*,#1637,.T.);
#2298=ORIENTED_EDGE('',*,*,#1635,.F.);
#2299=ORIENTED_EDGE('',*,*,#1638,.F.);
#2300=ORIENTED_EDGE('',*,*,#1639,.F.);
#2301=ORIENTED_EDGE('',*,*,#1638,.T.);
#2302=ORIENTED_EDGE('',*,*,#1634,.F.);
#2303=ORIENTED_EDGE('',*,*,#1640,.F.);
#2304=ORIENTED_EDGE('',*,*,#1641,.F.);
#2305=ORIENTED_EDGE('',*,*,#1640,.T.);
#2306=ORIENTED_EDGE('',*,*,#1633,.F.);
#2307=ORIENTED_EDGE('',*,*,#1642,.F.);
#2308=ORIENTED_EDGE('',*,*,#1643,.F.);
#2309=ORIENTED_EDGE('',*,*,#1642,.T.);
#2310=ORIENTED_EDGE('',*,*,#1632,.F.);
#2311=ORIENTED_EDGE('',*,*,#1637,.F.);
#2312=ORIENTED_EDGE('',*,*,#1608,.T.);
#2313=ORIENTED_EDGE('',*,*,#1618,.T.);
#2314=ORIENTED_EDGE('',*,*,#1615,.T.);
#2315=ORIENTED_EDGE('',*,*,#1612,.T.);
#2316=ORIENTED_EDGE('',*,*,#1607,.T.);
#2317=ORIENTED_EDGE('',*,*,#1604,.T.);
#2318=ORIENTED_EDGE('',*,*,#1601,.T.);
#2319=ORIENTED_EDGE('',*,*,#1598,.T.);
#2320=ORIENTED_EDGE('',*,*,#1595,.T.);
#2321=ORIENTED_EDGE('',*,*,#1643,.T.);
#2322=ORIENTED_EDGE('',*,*,#1636,.T.);
#2323=ORIENTED_EDGE('',*,*,#1639,.T.);
#2324=ORIENTED_EDGE('',*,*,#1641,.T.);
#2325=ORIENTED_EDGE('',*,*,#1605,.T.);
#2326=ORIENTED_EDGE('',*,*,#1602,.T.);
#2327=ORIENTED_EDGE('',*,*,#1599,.T.);
#2328=ORIENTED_EDGE('',*,*,#1596,.T.);
#2329=ORIENTED_EDGE('',*,*,#1593,.T.);
#2330=PLANE('',#2633);
#2331=PLANE('',#2634);
#2332=PLANE('',#2635);
#2333=PLANE('',#2636);
#2334=PLANE('',#2637);
#2335=PLANE('',#2638);
#2336=PLANE('',#2639);
#2337=PLANE('',#2640);
#2338=PLANE('',#2641);
#2339=PLANE('',#2642);
#2340=PLANE('',#2643);
#2341=PLANE('',#2644);
#2342=PLANE('',#2651);
#2343=PLANE('',#2657);
#2344=PLANE('',#2658);
#2345=PLANE('',#2665);
#2346=PLANE('',#2670);
#2347=PLANE('',#2671);
#2348=PLANE('',#2672);
#2349=PLANE('',#2673);
#2350=PLANE('',#2674);
#2351=PLANE('',#2675);
#2352=PLANE('',#2676);
#2353=PLANE('',#2677);
#2354=PLANE('',#2678);
#2355=PLANE('',#2679);
#2356=PLANE('',#2680);
#2357=PLANE('',#2681);
#2358=PLANE('',#2685);
#2359=PLANE('',#2686);
#2360=PLANE('',#2687);
#2361=PLANE('',#2688);
#2362=PLANE('',#2689);
#2363=PLANE('',#2690);
#2364=PLANE('',#2691);
#2365=PLANE('',#2692);
#2366=PLANE('',#2693);
#2367=PLANE('',#2694);
#2368=PLANE('',#2695);
#2369=PLANE('',#2696);
#2370=PLANE('',#2714);
#2371=PLANE('',#2715);
#2372=PLANE('',#2716);
#2373=PLANE('',#2717);
#2374=PLANE('',#2718);
#2375=PLANE('',#2719);
#2376=PLANE('',#2720);
#2377=PLANE('',#2721);
#2378=PLANE('',#2722);
#2379=PLANE('',#2723);
#2380=PLANE('',#2724);
#2381=PLANE('',#2725);
#2382=PLANE('',#2726);
#2383=PLANE('',#2727);
#2384=PLANE('',#2728);
#2385=PLANE('',#2730);
#2386=PLANE('',#2738);
#2387=PLANE('',#2744);
#2388=PLANE('',#2745);
#2389=PLANE('',#2746);
#2390=PLANE('',#2747);
#2391=PLANE('',#2748);
#2392=PLANE('',#2752);
#2393=PLANE('',#2756);
#2394=PLANE('',#2757);
#2395=PLANE('',#2762);
#2396=PLANE('',#2763);
#2397=PLANE('',#2767);
#2398=PLANE('',#2771);
#2399=PLANE('',#2772);
#2400=PLANE('',#2774);
#2401=PLANE('',#2775);
#2402=PLANE('',#2776);
#2403=PLANE('',#2777);
#2404=PLANE('',#2778);
#2405=PLANE('',#2779);
#2406=PLANE('',#2780);
#2407=PLANE('',#2781);
#2408=PLANE('',#2782);
#2409=PLANE('',#2783);
#2410=PLANE('',#2799);
#2411=PLANE('',#2800);
#2412=PLANE('',#2801);
#2413=PLANE('',#2802);
#2414=PLANE('',#2803);
#2415=PLANE('',#2804);
#2416=PLANE('',#2805);
#2417=PLANE('',#2806);
#2418=PLANE('',#2823);
#2419=PLANE('',#2824);
#2420=PLANE('',#2825);
#2421=PLANE('',#2826);
#2422=PLANE('',#2827);
#2423=PLANE('',#2828);
#2424=PLANE('',#2829);
#2425=PLANE('',#2830);
#2426=PLANE('',#2831);
#2427=PLANE('',#2832);
#2428=PLANE('',#2833);
#2429=PLANE('',#2834);
#2430=PLANE('',#2835);
#2431=PLANE('',#2836);
#2432=PLANE('',#2837);
#2433=PLANE('',#2838);
#2434=ADVANCED_FACE('',(#212),#2330,.F.);
#2435=ADVANCED_FACE('',(#213),#2331,.F.);
#2436=ADVANCED_FACE('',(#214),#2332,.F.);
#2437=ADVANCED_FACE('',(#215),#2333,.F.);
#2438=ADVANCED_FACE('',(#216),#2334,.F.);
#2439=ADVANCED_FACE('',(#217),#2335,.T.);
#2440=ADVANCED_FACE('',(#218),#2336,.T.);
#2441=ADVANCED_FACE('',(#219),#2337,.T.);
#2442=ADVANCED_FACE('',(#220),#2338,.T.);
#2443=ADVANCED_FACE('',(#221,#167),#2339,.T.);
#2444=ADVANCED_FACE('',(#222),#2340,.F.);
#2445=ADVANCED_FACE('',(#223),#2341,.F.);
#2446=ADVANCED_FACE('',(#224),#69,.F.);
#2447=ADVANCED_FACE('',(#225),#70,.F.);
#2448=ADVANCED_FACE('',(#226,#168,#169,#170),#2342,.F.);
#2449=ADVANCED_FACE('',(#227),#2343,.T.);
#2450=ADVANCED_FACE('',(#228),#2344,.F.);
#2451=ADVANCED_FACE('',(#229),#71,.F.);
#2452=ADVANCED_FACE('',(#230),#72,.F.);
#2453=ADVANCED_FACE('',(#231,#171,#172,#173,#174,#175),#2345,.F.);
#2454=ADVANCED_FACE('',(#232),#2346,.T.);
#2455=ADVANCED_FACE('',(#233),#2347,.F.);
#2456=ADVANCED_FACE('',(#234),#2348,.F.);
#2457=ADVANCED_FACE('',(#235),#2349,.F.);
#2458=ADVANCED_FACE('',(#236),#2350,.F.);
#2459=ADVANCED_FACE('',(#237),#2351,.F.);
#2460=ADVANCED_FACE('',(#238),#2352,.T.);
#2461=ADVANCED_FACE('',(#239,#176),#2353,.T.);
#2462=ADVANCED_FACE('',(#240),#2354,.T.);
#2463=ADVANCED_FACE('',(#241),#2355,.T.);
#2464=ADVANCED_FACE('',(#242),#2356,.T.);
#2465=ADVANCED_FACE('',(#243),#2357,.F.);
#2466=ADVANCED_FACE('',(#244),#73,.T.);
#2467=ADVANCED_FACE('',(#245),#2358,.F.);
#2468=ADVANCED_FACE('',(#246),#2359,.F.);
#2469=ADVANCED_FACE('',(#247),#2360,.F.);
#2470=ADVANCED_FACE('',(#248),#2361,.F.);
#2471=ADVANCED_FACE('',(#249),#2362,.T.);
#2472=ADVANCED_FACE('',(#250,#177),#2363,.T.);
#2473=ADVANCED_FACE('',(#251),#2364,.T.);
#2474=ADVANCED_FACE('',(#252),#2365,.T.);
#2475=ADVANCED_FACE('',(#253),#2366,.T.);
#2476=ADVANCED_FACE('',(#254),#2367,.T.);
#2477=ADVANCED_FACE('',(#255),#2368,.T.);
#2478=ADVANCED_FACE('',(#256),#2369,.T.);
#2479=ADVANCED_FACE('',(#257),#74,.F.);
#2480=ADVANCED_FACE('',(#258),#75,.F.);
#2481=ADVANCED_FACE('',(#259),#76,.F.);
#2482=ADVANCED_FACE('',(#260),#77,.F.);
#2483=ADVANCED_FACE('',(#261),#78,.F.);
#2484=ADVANCED_FACE('',(#262),#79,.F.);
#2485=ADVANCED_FACE('',(#263),#80,.F.);
#2486=ADVANCED_FACE('',(#264),#81,.F.);
#2487=ADVANCED_FACE('',(#265,#178,#179,#180),#2370,.T.);
#2488=ADVANCED_FACE('',(#266,#181,#182,#183,#184,#185),#2371,.T.);
#2489=ADVANCED_FACE('',(#267),#2372,.T.);
#2490=ADVANCED_FACE('',(#268),#2373,.F.);
#2491=ADVANCED_FACE('',(#269),#2374,.T.);
#2492=ADVANCED_FACE('',(#270),#2375,.F.);
#2493=ADVANCED_FACE('',(#271),#2376,.T.);
#2494=ADVANCED_FACE('',(#272),#2377,.F.);
#2495=ADVANCED_FACE('',(#273),#2378,.F.);
#2496=ADVANCED_FACE('',(#274),#2379,.T.);
#2497=ADVANCED_FACE('',(#275),#2380,.F.);
#2498=ADVANCED_FACE('',(#276),#2381,.F.);
#2499=ADVANCED_FACE('',(#277),#2382,.F.);
#2500=ADVANCED_FACE('',(#278),#2383,.F.);
#2501=ADVANCED_FACE('',(#279),#2384,.T.);
#2502=ADVANCED_FACE('',(#280),#2385,.F.);
#2503=ADVANCED_FACE('',(#281),#82,.T.);
#2504=ADVANCED_FACE('',(#282),#2386,.T.);
#2505=ADVANCED_FACE('',(#283,#186),#83,.T.);
#2506=ADVANCED_FACE('',(#284),#2387,.F.);
#2507=ADVANCED_FACE('',(#285),#2388,.T.);
#2508=ADVANCED_FACE('',(#286),#2389,.F.);
#2509=ADVANCED_FACE('',(#287),#2390,.F.);
#2510=ADVANCED_FACE('',(#288),#2391,.T.);
#2511=ADVANCED_FACE('',(#289),#84,.T.);
#2512=ADVANCED_FACE('',(#290),#2392,.T.);
#2513=ADVANCED_FACE('',(#291),#85,.T.);
#2514=ADVANCED_FACE('',(#292,#187),#2393,.T.);
#2515=ADVANCED_FACE('',(#293,#188),#2394,.F.);
#2516=ADVANCED_FACE('',(#294),#86,.T.);
#2517=ADVANCED_FACE('',(#295),#2395,.T.);
#2518=ADVANCED_FACE('',(#296),#2396,.T.);
#2519=ADVANCED_FACE('',(#297),#87,.T.);
#2520=ADVANCED_FACE('',(#298),#2397,.T.);
#2521=ADVANCED_FACE('',(#299),#88,.T.);
#2522=ADVANCED_FACE('',(#300,#189),#2398,.T.);
#2523=ADVANCED_FACE('',(#301),#2399,.F.);
#2524=ADVANCED_FACE('',(#302),#2400,.F.);
#2525=ADVANCED_FACE('',(#303),#2401,.F.);
#2526=ADVANCED_FACE('',(#304),#2402,.F.);
#2527=ADVANCED_FACE('',(#305),#2403,.F.);
#2528=ADVANCED_FACE('',(#306),#2404,.F.);
#2529=ADVANCED_FACE('',(#307),#2405,.F.);
#2530=ADVANCED_FACE('',(#308),#2406,.T.);
#2531=ADVANCED_FACE('',(#309),#2407,.F.);
#2532=ADVANCED_FACE('',(#310),#2408,.F.);
#2533=ADVANCED_FACE('',(#311),#2409,.T.);
#2534=ADVANCED_FACE('',(#312),#89,.F.);
#2535=ADVANCED_FACE('',(#313),#90,.F.);
#2536=ADVANCED_FACE('',(#314),#91,.F.);
#2537=ADVANCED_FACE('',(#315),#92,.F.);
#2538=ADVANCED_FACE('',(#316),#93,.F.);
#2539=ADVANCED_FACE('',(#317,#190,#191,#192,#193,#194),#2410,.F.);
#2540=ADVANCED_FACE('',(#318),#2411,.F.);
#2541=ADVANCED_FACE('',(#319),#2412,.F.);
#2542=ADVANCED_FACE('',(#320),#2413,.F.);
#2543=ADVANCED_FACE('',(#321),#2414,.F.);
#2544=ADVANCED_FACE('',(#322),#2415,.T.);
#2545=ADVANCED_FACE('',(#323),#2416,.T.);
#2546=ADVANCED_FACE('',(#324,#195,#196,#197,#198,#199),#2417,.T.);
#2547=ADVANCED_FACE('',(#325),#94,.F.);
#2548=ADVANCED_FACE('',(#326),#95,.F.);
#2549=ADVANCED_FACE('',(#327),#96,.F.);
#2550=ADVANCED_FACE('',(#328),#97,.F.);
#2551=ADVANCED_FACE('',(#329),#98,.F.);
#2552=ADVANCED_FACE('',(#330),#2418,.F.);
#2553=ADVANCED_FACE('',(#331),#2419,.F.);
#2554=ADVANCED_FACE('',(#332),#2420,.F.);
#2555=ADVANCED_FACE('',(#333),#2421,.F.);
#2556=ADVANCED_FACE('',(#334),#2422,.T.);
#2557=ADVANCED_FACE('',(#335),#2423,.T.);
#2558=ADVANCED_FACE('',(#336),#2424,.T.);
#2559=ADVANCED_FACE('',(#337),#2425,.T.);
#2560=ADVANCED_FACE('',(#338,#200),#2426,.T.);
#2561=ADVANCED_FACE('',(#339,#201),#2427,.T.);
#2562=ADVANCED_FACE('',(#340),#2428,.T.);
#2563=ADVANCED_FACE('',(#341),#2429,.T.);
#2564=ADVANCED_FACE('',(#342),#2430,.T.);
#2565=ADVANCED_FACE('',(#343),#2431,.T.);
#2566=ADVANCED_FACE('',(#344,#202,#203,#204,#205,#206),#2432,.T.);
#2567=ADVANCED_FACE('',(#345,#207,#208,#209,#210,#211),#2433,.F.);
#2568=CLOSED_SHELL('',(#2434,#2435,#2436,#2437,#2438,#2439,#2440,#2441,
#2442,#2443,#2444,#2445,#2446,#2447,#2448,#2449,#2450,#2451,#2452,#2453,
#2454,#2455,#2456,#2457,#2458,#2459,#2460,#2461,#2462,#2463,#2464,#2465,
#2466,#2467,#2468,#2469,#2470,#2471,#2472,#2473,#2474,#2475,#2476,#2477,
#2478,#2479,#2480,#2481,#2482,#2483,#2484,#2485,#2486,#2487,#2488,#2489,
#2490,#2491,#2492,#2493,#2494,#2495,#2496));
#2569=CLOSED_SHELL('',(#2497,#2498,#2499,#2500,#2501));
#2570=CLOSED_SHELL('',(#2502,#2503,#2504,#2505,#2506,#2507,#2508,#2509,
#2510,#2511,#2512,#2513,#2514,#2515));
#2571=CLOSED_SHELL('',(#2516,#2517,#2518,#2519,#2520,#2521,#2522,#2523));
#2572=CLOSED_SHELL('',(#2524,#2525,#2526,#2527,#2528,#2529,#2530,#2531,
#2532,#2533,#2534,#2535,#2536,#2537,#2538,#2539,#2540,#2541,#2542,#2543,
#2544,#2545,#2546));
#2573=CLOSED_SHELL('',(#2547,#2548,#2549,#2550,#2551,#2552,#2553,#2554,
#2555,#2556,#2557,#2558,#2559,#2560,#2561,#2562,#2563,#2564,#2565,#2566,
#2567));
#2574=BREP_WITH_VOIDS('Body1',#2568,(#68));
#2575=DERIVED_UNIT_ELEMENT(#2585,1.);
#2576=DERIVED_UNIT_ELEMENT(#4286,-3.);
#2577=DERIVED_UNIT_ELEMENT(#2585,1.);
#2578=DERIVED_UNIT_ELEMENT(#4286,-3.);
#2579=DERIVED_UNIT_ELEMENT(#2585,1.);
#2580=DERIVED_UNIT_ELEMENT(#4286,-3.);
#2581=DERIVED_UNIT_ELEMENT(#2585,1.);
#2582=DERIVED_UNIT_ELEMENT(#4286,-3.);
#2583=DERIVED_UNIT_ELEMENT(#2585,1.);
#2584=DERIVED_UNIT_ELEMENT(#4286,-3.);
#2585=(
MASS_UNIT()
NAMED_UNIT(*)
SI_UNIT(.KILO.,.GRAM.)
);
#2586=DERIVED_UNIT((#2575,#2576));
#2587=DERIVED_UNIT((#2577,#2578));
#2588=DERIVED_UNIT((#2579,#2580));
#2589=DERIVED_UNIT((#2581,#2582));
#2590=DERIVED_UNIT((#2583,#2584));
#2591=MEASURE_REPRESENTATION_ITEM('density measure',
POSITIVE_RATIO_MEASURE(7850.),#2586);
#2592=MEASURE_REPRESENTATION_ITEM('density measure',
POSITIVE_RATIO_MEASURE(7850.),#2587);
#2593=MEASURE_REPRESENTATION_ITEM('density measure',
POSITIVE_RATIO_MEASURE(7850.),#2588);
#2594=MEASURE_REPRESENTATION_ITEM('density measure',
POSITIVE_RATIO_MEASURE(7850.),#2589);
#2595=MEASURE_REPRESENTATION_ITEM('density measure',
POSITIVE_RATIO_MEASURE(7850.),#2590);
#2596=PROPERTY_DEFINITION_REPRESENTATION(#2621,#2606);
#2597=PROPERTY_DEFINITION_REPRESENTATION(#2622,#2607);
#2598=PROPERTY_DEFINITION_REPRESENTATION(#2623,#2608);
#2599=PROPERTY_DEFINITION_REPRESENTATION(#2624,#2609);
#2600=PROPERTY_DEFINITION_REPRESENTATION(#2625,#2610);
#2601=PROPERTY_DEFINITION_REPRESENTATION(#2626,#2611);
#2602=PROPERTY_DEFINITION_REPRESENTATION(#2627,#2612);
#2603=PROPERTY_DEFINITION_REPRESENTATION(#2628,#2613);
#2604=PROPERTY_DEFINITION_REPRESENTATION(#2629,#2614);
#2605=PROPERTY_DEFINITION_REPRESENTATION(#2630,#2615);
#2606=REPRESENTATION('material name',(#2616),#4279);
#2607=REPRESENTATION('density',(#2591),#4279);
#2608=REPRESENTATION('material name',(#2617),#4280);
#2609=REPRESENTATION('density',(#2592),#4280);
#2610=REPRESENTATION('material name',(#2618),#4281);
#2611=REPRESENTATION('density',(#2593),#4281);
#2612=REPRESENTATION('material name',(#2619),#4282);
#2613=REPRESENTATION('density',(#2594),#4282);
#2614=REPRESENTATION('material name',(#2620),#4283);
#2615=REPRESENTATION('density',(#2595),#4283);
#2616=DESCRIPTIVE_REPRESENTATION_ITEM('Steel','Steel');
#2617=DESCRIPTIVE_REPRESENTATION_ITEM('Steel','Steel');
#2618=DESCRIPTIVE_REPRESENTATION_ITEM('Steel','Steel');
#2619=DESCRIPTIVE_REPRESENTATION_ITEM('Steel','Steel');
#2620=DESCRIPTIVE_REPRESENTATION_ITEM('Steel','Steel');
#2621=PROPERTY_DEFINITION('material property','material name',#4316);
#2622=PROPERTY_DEFINITION('material property','density of part',#4316);
#2623=PROPERTY_DEFINITION('material property','material name',#4317);
#2624=PROPERTY_DEFINITION('material property','density of part',#4317);
#2625=PROPERTY_DEFINITION('material property','material name',#4318);
#2626=PROPERTY_DEFINITION('material property','density of part',#4318);
#2627=PROPERTY_DEFINITION('material property','material name',#4319);
#2628=PROPERTY_DEFINITION('material property','density of part',#4319);
#2629=PROPERTY_DEFINITION('material property','material name',#4320);
#2630=PROPERTY_DEFINITION('material property','density of part',#4320);
#2631=AXIS2_PLACEMENT_3D('',#3554,#2847,#2848);
#2632=AXIS2_PLACEMENT_3D('',#3555,#2849,#2850);
#2633=AXIS2_PLACEMENT_3D('',#3556,#2851,#2852);
#2634=AXIS2_PLACEMENT_3D('',#3565,#2857,#2858);
#2635=AXIS2_PLACEMENT_3D('',#3571,#2862,#2863);
#2636=AXIS2_PLACEMENT_3D('',#3577,#2867,#2868);
#2637=AXIS2_PLACEMENT_3D('',#3580,#2871,#2872);
#2638=AXIS2_PLACEMENT_3D('',#3581,#2873,#2874);
#2639=AXIS2_PLACEMENT_3D('',#3590,#2879,#2880);
#2640=AXIS2_PLACEMENT_3D('',#3598,#2885,#2886);
#2641=AXIS2_PLACEMENT_3D('',#3604,#2890,#2891);
#2642=AXIS2_PLACEMENT_3D('',#3609,#2895,#2896);
#2643=AXIS2_PLACEMENT_3D('',#3610,#2897,#2898);
#2644=AXIS2_PLACEMENT_3D('',#3612,#2900,#2901);
#2645=AXIS2_PLACEMENT_3D('',#3617,#2903,#2904);
#2646=AXIS2_PLACEMENT_3D('',#3620,#2906,#2907);
#2647=AXIS2_PLACEMENT_3D('',#3621,#2908,#2909);
#2648=AXIS2_PLACEMENT_3D('',#3626,#2912,#2913);
#2649=AXIS2_PLACEMENT_3D('',#3627,#2914,#2915);
#2650=AXIS2_PLACEMENT_3D('',#3631,#2917,#2918);
#2651=AXIS2_PLACEMENT_3D('',#3633,#2920,#2921);
#2652=AXIS2_PLACEMENT_3D('',#3639,#2924,#2925);
#2653=AXIS2_PLACEMENT_3D('',#3640,#2926,#2927);
#2654=AXIS2_PLACEMENT_3D('',#3653,#2934,#2935);
#2655=AXIS2_PLACEMENT_3D('',#3655,#2936,#2937);
#2656=AXIS2_PLACEMENT_3D('',#3657,#2938,#2939);
#2657=AXIS2_PLACEMENT_3D('',#3658,#2940,#2941);
#2658=AXIS2_PLACEMENT_3D('',#3662,#2944,#2945);
#2659=AXIS2_PLACEMENT_3D('',#3667,#2947,#2948);
#2660=AXIS2_PLACEMENT_3D('',#3670,#2950,#2951);
#2661=AXIS2_PLACEMENT_3D('',#3671,#2952,#2953);
#2662=AXIS2_PLACEMENT_3D('',#3676,#2956,#2957);
#2663=AXIS2_PLACEMENT_3D('',#3677,#2958,#2959);
#2664=AXIS2_PLACEMENT_3D('',#3681,#2961,#2962);
#2665=AXIS2_PLACEMENT_3D('',#3683,#2964,#2965);
#2666=AXIS2_PLACEMENT_3D('',#3700,#2974,#2975);
#2667=AXIS2_PLACEMENT_3D('',#3702,#2976,#2977);
#2668=AXIS2_PLACEMENT_3D('',#3704,#2978,#2979);
#2669=AXIS2_PLACEMENT_3D('',#3706,#2980,#2981);
#2670=AXIS2_PLACEMENT_3D('',#3715,#2986,#2987);
#2671=AXIS2_PLACEMENT_3D('',#3719,#2990,#2991);
#2672=AXIS2_PLACEMENT_3D('',#3728,#2996,#2997);
#2673=AXIS2_PLACEMENT_3D('',#3734,#3001,#3002);
#2674=AXIS2_PLACEMENT_3D('',#3740,#3006,#3007);
#2675=AXIS2_PLACEMENT_3D('',#3743,#3010,#3011);
#2676=AXIS2_PLACEMENT_3D('',#3744,#3012,#3013);
#2677=AXIS2_PLACEMENT_3D('',#3753,#3018,#3019);
#2678=AXIS2_PLACEMENT_3D('',#3759,#3023,#3024);
#2679=AXIS2_PLACEMENT_3D('',#3765,#3028,#3029);
#2680=AXIS2_PLACEMENT_3D('',#3768,#3032,#3033);
#2681=AXIS2_PLACEMENT_3D('',#3769,#3034,#3035);
#2682=AXIS2_PLACEMENT_3D('',#3776,#3038,#3039);
#2683=AXIS2_PLACEMENT_3D('',#3780,#3042,#3043);
#2684=AXIS2_PLACEMENT_3D('',#3784,#3045,#3046);
#2685=AXIS2_PLACEMENT_3D('',#3786,#3048,#3049);
#2686=AXIS2_PLACEMENT_3D('',#3792,#3053,#3054);
#2687=AXIS2_PLACEMENT_3D('',#3797,#3058,#3059);
#2688=AXIS2_PLACEMENT_3D('',#3799,#3061,#3062);
#2689=AXIS2_PLACEMENT_3D('',#3800,#3063,#3064);
#2690=AXIS2_PLACEMENT_3D('',#3806,#3068,#3069);
#2691=AXIS2_PLACEMENT_3D('',#3810,#3072,#3073);
#2692=AXIS2_PLACEMENT_3D('',#3814,#3076,#3077);
#2693=AXIS2_PLACEMENT_3D('',#3816,#3079,#3080);
#2694=AXIS2_PLACEMENT_3D('',#3817,#3081,#3082);
#2695=AXIS2_PLACEMENT_3D('',#3822,#3086,#3087);
#2696=AXIS2_PLACEMENT_3D('',#3829,#3092,#3093);
#2697=AXIS2_PLACEMENT_3D('',#3833,#3096,#3097);
#2698=AXIS2_PLACEMENT_3D('',#3836,#3099,#3100);
#2699=AXIS2_PLACEMENT_3D('',#3837,#3101,#3102);
#2700=AXIS2_PLACEMENT_3D('',#3840,#3104,#3105);
#2701=AXIS2_PLACEMENT_3D('',#3841,#3106,#3107);
#2702=AXIS2_PLACEMENT_3D('',#3844,#3109,#3110);
#2703=AXIS2_PLACEMENT_3D('',#3845,#3111,#3112);
#2704=AXIS2_PLACEMENT_3D('',#3846,#3113,#3114);
#2705=AXIS2_PLACEMENT_3D('',#3849,#3116,#3117);
#2706=AXIS2_PLACEMENT_3D('',#3850,#3118,#3119);
#2707=AXIS2_PLACEMENT_3D('',#3853,#3121,#3122);
#2708=AXIS2_PLACEMENT_3D('',#3854,#3123,#3124);
#2709=AXIS2_PLACEMENT_3D('',#3857,#3126,#3127);
#2710=AXIS2_PLACEMENT_3D('',#3858,#3128,#3129);
#2711=AXIS2_PLACEMENT_3D('',#3861,#3131,#3132);
#2712=AXIS2_PLACEMENT_3D('',#3862,#3133,#3134);
#2713=AXIS2_PLACEMENT_3D('',#3865,#3136,#3137);
#2714=AXIS2_PLACEMENT_3D('',#3866,#3138,#3139);
#2715=AXIS2_PLACEMENT_3D('',#3876,#3145,#3146);
#2716=AXIS2_PLACEMENT_3D('',#3886,#3152,#3153);
#2717=AXIS2_PLACEMENT_3D('',#3888,#3155,#3156);
#2718=AXIS2_PLACEMENT_3D('',#3893,#3161,#3162);
#2719=AXIS2_PLACEMENT_3D('',#3895,#3164,#3165);
#2720=AXIS2_PLACEMENT_3D('',#3897,#3167,#3168);
#2721=AXIS2_PLACEMENT_3D('',#3898,#3169,#3170);
#2722=AXIS2_PLACEMENT_3D('',#3901,#3173,#3174);
#2723=AXIS2_PLACEMENT_3D('',#3902,#3175,#3176);
#2724=AXIS2_PLACEMENT_3D('',#3903,#3177,#3178);
#2725=AXIS2_PLACEMENT_3D('',#3910,#3182,#3183);
#2726=AXIS2_PLACEMENT_3D('',#3916,#3187,#3188);
#2727=AXIS2_PLACEMENT_3D('',#3920,#3191,#3192);
#2728=AXIS2_PLACEMENT_3D('',#3922,#3194,#3195);
#2729=AXIS2_PLACEMENT_3D('',#3923,#3196,#3197);
#2730=AXIS2_PLACEMENT_3D('',#3924,#3198,#3199);
#2731=AXIS2_PLACEMENT_3D('',#3926,#3200,#3201);
#2732=AXIS2_PLACEMENT_3D('',#3927,#3202,#3203);
#2733=AXIS2_PLACEMENT_3D('',#3929,#3204,#3205);
#2734=AXIS2_PLACEMENT_3D('',#3933,#3207,#3208);
#2735=AXIS2_PLACEMENT_3D('',#3937,#3210,#3211);
#2736=AXIS2_PLACEMENT_3D('',#3940,#3213,#3214);
#2737=AXIS2_PLACEMENT_3D('',#3943,#3216,#3217);
#2738=AXIS2_PLACEMENT_3D('',#3944,#3218,#3219);
#2739=AXIS2_PLACEMENT_3D('',#3945,#3220,#3221);
#2740=AXIS2_PLACEMENT_3D('',#3947,#3222,#3223);
#2741=AXIS2_PLACEMENT_3D('',#3950,#3225,#3226);
#2742=AXIS2_PLACEMENT_3D('',#3955,#3228,#3229);
#2743=AXIS2_PLACEMENT_3D('',#3958,#3231,#3232);
#2744=AXIS2_PLACEMENT_3D('',#3959,#3233,#3234);
#2745=AXIS2_PLACEMENT_3D('',#3960,#3235,#3236);
#2746=AXIS2_PLACEMENT_3D('',#3961,#3237,#3238);
#2747=AXIS2_PLACEMENT_3D('',#3964,#3241,#3242);
#2748=AXIS2_PLACEMENT_3D('',#3967,#3245,#3246);
#2749=AXIS2_PLACEMENT_3D('',#3976,#3251,#3252);
#2750=AXIS2_PLACEMENT_3D('',#3978,#3253,#3254);
#2751=AXIS2_PLACEMENT_3D('',#3980,#3255,#3256);
#2752=AXIS2_PLACEMENT_3D('',#3982,#3258,#3259);
#2753=AXIS2_PLACEMENT_3D('',#3988,#3263,#3264);
#2754=AXIS2_PLACEMENT_3D('',#3989,#3265,#3266);
#2755=AXIS2_PLACEMENT_3D('',#3990,#3267,#3268);
#2756=AXIS2_PLACEMENT_3D('',#3991,#3269,#3270);
#2757=AXIS2_PLACEMENT_3D('',#3992,#3271,#3272);
#2758=AXIS2_PLACEMENT_3D('',#3993,#3273,#3274);
#2759=AXIS2_PLACEMENT_3D('',#3994,#3275,#3276);
#2760=AXIS2_PLACEMENT_3D('',#3996,#3277,#3278);
#2761=AXIS2_PLACEMENT_3D('',#3999,#3280,#3281);
#2762=AXIS2_PLACEMENT_3D('',#4000,#3282,#3283);
#2763=AXIS2_PLACEMENT_3D('',#4001,#3284,#3285);
#2764=AXIS2_PLACEMENT_3D('',#4010,#3290,#3291);
#2765=AXIS2_PLACEMENT_3D('',#4012,#3292,#3293);
#2766=AXIS2_PLACEMENT_3D('',#4014,#3294,#3295);
#2767=AXIS2_PLACEMENT_3D('',#4016,#3297,#3298);
#2768=AXIS2_PLACEMENT_3D('',#4022,#3302,#3303);
#2769=AXIS2_PLACEMENT_3D('',#4023,#3304,#3305);
#2770=AXIS2_PLACEMENT_3D('',#4024,#3306,#3307);
#2771=AXIS2_PLACEMENT_3D('',#4025,#3308,#3309);
#2772=AXIS2_PLACEMENT_3D('',#4026,#3310,#3311);
#2773=AXIS2_PLACEMENT_3D('',#4027,#3312,#3313);
#2774=AXIS2_PLACEMENT_3D('',#4028,#3314,#3315);
#2775=AXIS2_PLACEMENT_3D('',#4037,#3320,#3321);
#2776=AXIS2_PLACEMENT_3D('',#4043,#3325,#3326);
#2777=AXIS2_PLACEMENT_3D('',#4052,#3331,#3332);
#2778=AXIS2_PLACEMENT_3D('',#4058,#3336,#3337);
#2779=AXIS2_PLACEMENT_3D('',#4067,#3342,#3343);
#2780=AXIS2_PLACEMENT_3D('',#4070,#3346,#3347);
#2781=AXIS2_PLACEMENT_3D('',#4080,#3353,#3354);
#2782=AXIS2_PLACEMENT_3D('',#4089,#3360,#3361);
#2783=AXIS2_PLACEMENT_3D('',#4098,#3367,#3368);
#2784=AXIS2_PLACEMENT_3D('',#4104,#3372,#3373);
#2785=AXIS2_PLACEMENT_3D('',#4106,#3374,#3375);
#2786=AXIS2_PLACEMENT_3D('',#4109,#3377,#3378);
#2787=AXIS2_PLACEMENT_3D('',#4110,#3379,#3380);
#2788=AXIS2_PLACEMENT_3D('',#4112,#3381,#3382);
#2789=AXIS2_PLACEMENT_3D('',#4115,#3384,#3385);
#2790=AXIS2_PLACEMENT_3D('',#4116,#3386,#3387);
#2791=AXIS2_PLACEMENT_3D('',#4118,#3388,#3389);
#2792=AXIS2_PLACEMENT_3D('',#4121,#3391,#3392);
#2793=AXIS2_PLACEMENT_3D('',#4122,#3393,#3394);
#2794=AXIS2_PLACEMENT_3D('',#4124,#3395,#3396);
#2795=AXIS2_PLACEMENT_3D('',#4127,#3398,#3399);
#2796=AXIS2_PLACEMENT_3D('',#4128,#3400,#3401);
#2797=AXIS2_PLACEMENT_3D('',#4130,#3402,#3403);
#2798=AXIS2_PLACEMENT_3D('',#4133,#3405,#3406);
#2799=AXIS2_PLACEMENT_3D('',#4134,#3407,#3408);
#2800=AXIS2_PLACEMENT_3D('',#4143,#3413,#3414);
#2801=AXIS2_PLACEMENT_3D('',#4146,#3417,#3418);
#2802=AXIS2_PLACEMENT_3D('',#4148,#3420,#3421);
#2803=AXIS2_PLACEMENT_3D('',#4150,#3423,#3424);
#2804=AXIS2_PLACEMENT_3D('',#4151,#3425,#3426);
#2805=AXIS2_PLACEMENT_3D('',#4153,#3428,#3429);
#2806=AXIS2_PLACEMENT_3D('',#4155,#3431,#3432);
#2807=AXIS2_PLACEMENT_3D('',#4156,#3433,#3434);
#2808=AXIS2_PLACEMENT_3D('',#4157,#3435,#3436);
#2809=AXIS2_PLACEMENT_3D('',#4159,#3437,#3438);
#2810=AXIS2_PLACEMENT_3D('',#4162,#3440,#3441);
#2811=AXIS2_PLACEMENT_3D('',#4163,#3442,#3443);
#2812=AXIS2_PLACEMENT_3D('',#4165,#3444,#3445);
#2813=AXIS2_PLACEMENT_3D('',#4168,#3447,#3448);
#2814=AXIS2_PLACEMENT_3D('',#4169,#3449,#3450);
#2815=AXIS2_PLACEMENT_3D('',#4171,#3451,#3452);
#2816=AXIS2_PLACEMENT_3D('',#4174,#3454,#3455);
#2817=AXIS2_PLACEMENT_3D('',#4175,#3456,#3457);
#2818=AXIS2_PLACEMENT_3D('',#4177,#3458,#3459);
#2819=AXIS2_PLACEMENT_3D('',#4180,#3461,#3462);
#2820=AXIS2_PLACEMENT_3D('',#4181,#3463,#3464);
#2821=AXIS2_PLACEMENT_3D('',#4183,#3465,#3466);
#2822=AXIS2_PLACEMENT_3D('',#4186,#3468,#3469);
#2823=AXIS2_PLACEMENT_3D('',#4187,#3470,#3471);
#2824=AXIS2_PLACEMENT_3D('',#4196,#3476,#3477);
#2825=AXIS2_PLACEMENT_3D('',#4202,#3481,#3482);
#2826=AXIS2_PLACEMENT_3D('',#4208,#3486,#3487);
#2827=AXIS2_PLACEMENT_3D('',#4211,#3490,#3491);
#2828=AXIS2_PLACEMENT_3D('',#4220,#3496,#3497);
#2829=AXIS2_PLACEMENT_3D('',#4226,#3501,#3502);
#2830=AXIS2_PLACEMENT_3D('',#4232,#3506,#3507);
#2831=AXIS2_PLACEMENT_3D('',#4235,#3510,#3511);
#2832=AXIS2_PLACEMENT_3D('',#4236,#3512,#3513);
#2833=AXIS2_PLACEMENT_3D('',#4245,#3518,#3519);
#2834=AXIS2_PLACEMENT_3D('',#4251,#3523,#3524);
#2835=AXIS2_PLACEMENT_3D('',#4255,#3527,#3528);
#2836=AXIS2_PLACEMENT_3D('',#4259,#3531,#3532);
#2837=AXIS2_PLACEMENT_3D('',#4261,#3534,#3535);
#2838=AXIS2_PLACEMENT_3D('',#4262,#3536,#3537);
#2839=AXIS2_PLACEMENT_3D('',#4263,#3538,#3539);
#2840=AXIS2_PLACEMENT_3D('',#4264,#3540,#3541);
#2841=AXIS2_PLACEMENT_3D('',#4265,#3542,#3543);
#2842=AXIS2_PLACEMENT_3D('',#4266,#3544,#3545);
#2843=AXIS2_PLACEMENT_3D('',#4267,#3546,#3547);
#2844=AXIS2_PLACEMENT_3D('',#4268,#3548,#3549);
#2845=AXIS2_PLACEMENT_3D('',#4269,#3550,#3551);
#2846=AXIS2_PLACEMENT_3D('',#4270,#3552,#3553);
#2847=DIRECTION('axis',(0.,0.,1.));
#2848=DIRECTION('refdir',(1.,0.,0.));
#2849=DIRECTION('axis',(0.,0.,1.));
#2850=DIRECTION('refdir',(1.,0.,0.));
#2851=DIRECTION('center_axis',(1.,0.,0.));
#2852=DIRECTION('ref_axis',(0.,-1.,0.));
#2853=DIRECTION('',(0.,-1.,0.));
#2854=DIRECTION('',(0.,0.,-1.));
#2855=DIRECTION('',(0.,-1.,0.));
#2856=DIRECTION('',(0.,0.,-1.));
#2857=DIRECTION('center_axis',(0.,1.,0.));
#2858=DIRECTION('ref_axis',(1.,0.,0.));
#2859=DIRECTION('',(1.,0.,0.));
#2860=DIRECTION('',(0.,0.,-1.));
#2861=DIRECTION('',(1.,0.,0.));
#2862=DIRECTION('center_axis',(-1.,0.,0.));
#2863=DIRECTION('ref_axis',(0.,1.,0.));
#2864=DIRECTION('',(0.,1.,0.));
#2865=DIRECTION('',(0.,0.,-1.));
#2866=DIRECTION('',(0.,1.,0.));
#2867=DIRECTION('center_axis',(0.,-1.,0.));
#2868=DIRECTION('ref_axis',(-1.,0.,0.));
#2869=DIRECTION('',(-1.,0.,0.));
#2870=DIRECTION('',(-1.,0.,0.));
#2871=DIRECTION('center_axis',(0.,0.,-1.));
#2872=DIRECTION('ref_axis',(-1.,0.,0.));
#2873=DIRECTION('center_axis',(-1.,0.,0.));
#2874=DIRECTION('ref_axis',(0.,-1.,0.));
#2875=DIRECTION('',(0.,1.,0.));
#2876=DIRECTION('',(0.,0.,1.));
#2877=DIRECTION('',(0.,-1.,0.));
#2878=DIRECTION('',(0.,0.,1.));
#2879=DIRECTION('center_axis',(0.,1.,0.));
#2880=DIRECTION('ref_axis',(-1.,0.,0.));
#2881=DIRECTION('',(1.,0.,-1.82606691023382E-33));
#2882=DIRECTION('',(-1.,0.,0.));
#2883=DIRECTION('',(0.,0.,1.));
#2884=DIRECTION('',(1.,0.,0.));
#2885=DIRECTION('center_axis',(1.,0.,0.));
#2886=DIRECTION('ref_axis',(0.,1.,0.));
#2887=DIRECTION('',(0.,-1.,0.));
#2888=DIRECTION('',(0.,1.,0.));
#2889=DIRECTION('',(0.,0.,1.));
#2890=DIRECTION('center_axis',(0.,-1.,0.));
#2891=DIRECTION('ref_axis',(1.,0.,0.));
#2892=DIRECTION('',(-1.,0.,0.));
#2893=DIRECTION('',(1.,0.,0.));
#2894=DIRECTION('',(-1.,0.,1.82606691023382E-33));
#2895=DIRECTION('center_axis',(0.,0.,1.));
#2896=DIRECTION('ref_axis',(1.,0.,0.));
#2897=DIRECTION('center_axis',(0.,0.,1.));
#2898=DIRECTION('ref_axis',(-1.,0.,0.));
#2899=DIRECTION('',(0.,1.,0.));
#2900=DIRECTION('center_axis',(0.,0.,-1.));
#2901=DIRECTION('ref_axis',(1.,0.,0.));
#2902=DIRECTION('',(-1.,0.,0.));
#2903=DIRECTION('center_axis',(0.,0.,-1.));
#2904=DIRECTION('ref_axis',(1.,0.,0.));
#2905=DIRECTION('',(1.,0.,0.));
#2906=DIRECTION('center_axis',(0.,0.,-1.));
#2907=DIRECTION('ref_axis',(1.,0.,0.));
#2908=DIRECTION('center_axis',(0.,0.,-1.));
#2909=DIRECTION('ref_axis',(-0.986325857241759,0.164806866775351,0.));
#2910=DIRECTION('',(0.,0.,1.));
#2911=DIRECTION('',(0.,0.,-1.));
#2912=DIRECTION('center_axis',(0.,0.,-1.));
#2913=DIRECTION('ref_axis',(1.,0.,0.));
#2914=DIRECTION('center_axis',(0.,0.,-1.));
#2915=DIRECTION('ref_axis',(1.,0.,0.));
#2916=DIRECTION('',(0.,0.,-1.));
#2917=DIRECTION('center_axis',(0.,0.,-1.));
#2918=DIRECTION('ref_axis',(1.,0.,0.));
#2919=DIRECTION('',(0.,0.,1.));
#2920=DIRECTION('center_axis',(0.,1.,0.));
#2921=DIRECTION('ref_axis',(0.,0.,1.));
#2922=DIRECTION('',(1.,0.,0.));
#2923=DIRECTION('',(0.,0.,-1.));
#2924=DIRECTION('center_axis',(0.,1.,0.));
#2925=DIRECTION('ref_axis',(1.,0.,0.));
#2926=DIRECTION('center_axis',(0.,1.,0.));
#2927=DIRECTION('ref_axis',(1.,0.,0.));
#2928=DIRECTION('',(0.,0.,-1.));
#2929=DIRECTION('',(-1.,0.,0.));
#2930=DIRECTION('',(0.,0.,-1.));
#2931=DIRECTION('',(-1.,0.,1.82606691023382E-33));
#2932=DIRECTION('',(0.,0.,1.));
#2933=DIRECTION('',(1.,0.,0.));
#2934=DIRECTION('center_axis',(0.,1.,0.));
#2935=DIRECTION('ref_axis',(1.,0.,0.));
#2936=DIRECTION('center_axis',(0.,1.,0.));
#2937=DIRECTION('ref_axis',(1.,0.,0.));
#2938=DIRECTION('center_axis',(0.,1.,0.));
#2939=DIRECTION('ref_axis',(1.,0.,0.));
#2940=DIRECTION('center_axis',(0.,0.,1.));
#2941=DIRECTION('ref_axis',(1.,0.,0.));
#2942=DIRECTION('',(1.,0.,0.));
#2943=DIRECTION('',(0.,1.,0.));
#2944=DIRECTION('center_axis',(0.,0.,-1.));
#2945=DIRECTION('ref_axis',(1.,0.,0.));
#2946=DIRECTION('',(-1.,0.,0.));
#2947=DIRECTION('center_axis',(0.,0.,-1.));
#2948=DIRECTION('ref_axis',(1.,0.,0.));
#2949=DIRECTION('',(1.,0.,0.));
#2950=DIRECTION('center_axis',(0.,0.,-1.));
#2951=DIRECTION('ref_axis',(1.,0.,0.));
#2952=DIRECTION('center_axis',(0.,0.,-1.));
#2953=DIRECTION('ref_axis',(-0.958994424754771,-0.283424934134714,0.));
#2954=DIRECTION('',(0.,0.,1.));
#2955=DIRECTION('',(0.,0.,-1.));
#2956=DIRECTION('center_axis',(0.,0.,-1.));
#2957=DIRECTION('ref_axis',(1.,0.,0.));
#2958=DIRECTION('center_axis',(0.,0.,-1.));
#2959=DIRECTION('ref_axis',(1.,0.,0.));
#2960=DIRECTION('',(0.,0.,-1.));
#2961=DIRECTION('center_axis',(0.,0.,-1.));
#2962=DIRECTION('ref_axis',(1.,0.,0.));
#2963=DIRECTION('',(0.,0.,1.));
#2964=DIRECTION('center_axis',(0.,1.,0.));
#2965=DIRECTION('ref_axis',(1.,0.,0.));
#2966=DIRECTION('',(1.,0.,0.));
#2967=DIRECTION('',(-0.999999305805525,0.,-0.00117829897185207));
#2968=DIRECTION('',(0.568045468083399,0.,-0.822997172650011));
#2969=DIRECTION('',(-1.,0.,0.));
#2970=DIRECTION('',(0.,0.,-1.));
#2971=DIRECTION('',(-1.,0.,0.));
#2972=DIRECTION('',(0.,0.,1.));
#2973=DIRECTION('',(1.,0.,0.));
#2974=DIRECTION('center_axis',(0.,1.,0.));
#2975=DIRECTION('ref_axis',(1.,0.,0.));
#2976=DIRECTION('center_axis',(0.,1.,0.));
#2977=DIRECTION('ref_axis',(1.,0.,0.));
#2978=DIRECTION('center_axis',(0.,1.,0.));
#2979=DIRECTION('ref_axis',(1.,0.,0.));
#2980=DIRECTION('center_axis',(0.,1.,0.));
#2981=DIRECTION('ref_axis',(1.,0.,0.));
#2982=DIRECTION('',(0.,0.,1.));
#2983=DIRECTION('',(1.,0.,0.));
#2984=DIRECTION('',(0.,0.,-1.));
#2985=DIRECTION('',(-1.,0.,0.));
#2986=DIRECTION('center_axis',(0.,0.,1.));
#2987=DIRECTION('ref_axis',(1.,0.,0.));
#2988=DIRECTION('',(-1.,0.,0.));
#2989=DIRECTION('',(0.,1.,0.));
#2990=DIRECTION('center_axis',(1.,0.,0.));
#2991=DIRECTION('ref_axis',(0.,-1.,0.));
#2992=DIRECTION('',(0.,-1.,0.));
#2993=DIRECTION('',(0.,0.,-1.));
#2994=DIRECTION('',(0.,-1.,0.));
#2995=DIRECTION('',(0.,0.,-1.));
#2996=DIRECTION('center_axis',(0.,1.,0.));
#2997=DIRECTION('ref_axis',(1.,0.,0.));
#2998=DIRECTION('',(1.,0.,0.));
#2999=DIRECTION('',(0.,0.,-1.));
#3000=DIRECTION('',(1.,0.,0.));
#3001=DIRECTION('center_axis',(-1.,0.,0.));
#3002=DIRECTION('ref_axis',(0.,1.,0.));
#3003=DIRECTION('',(0.,1.,0.));
#3004=DIRECTION('',(0.,0.,-1.));
#3005=DIRECTION('',(0.,1.,0.));
#3006=DIRECTION('center_axis',(0.,-1.,0.));
#3007=DIRECTION('ref_axis',(-1.,0.,0.));
#3008=DIRECTION('',(-1.,0.,0.));
#3009=DIRECTION('',(-1.,0.,0.));
#3010=DIRECTION('center_axis',(0.,0.,-1.));
#3011=DIRECTION('ref_axis',(-1.,0.,0.));
#3012=DIRECTION('center_axis',(1.,0.,0.));
#3013=DIRECTION('ref_axis',(0.,0.,-1.));
#3014=DIRECTION('',(0.,0.,1.));
#3015=DIRECTION('',(0.,1.,0.));
#3016=DIRECTION('',(0.,0.,-1.));
#3017=DIRECTION('',(0.,1.,0.));
#3018=DIRECTION('center_axis',(0.,0.,1.));
#3019=DIRECTION('ref_axis',(1.,0.,0.));
#3020=DIRECTION('',(-1.,0.,0.));
#3021=DIRECTION('',(1.,0.,0.));
#3022=DIRECTION('',(0.,1.,0.));
#3023=DIRECTION('center_axis',(-1.,0.,0.));
#3024=DIRECTION('ref_axis',(0.,0.,1.));
#3025=DIRECTION('',(0.,0.,-1.));
#3026=DIRECTION('',(0.,0.,1.));
#3027=DIRECTION('',(0.,1.,0.));
#3028=DIRECTION('center_axis',(0.,0.,-1.));
#3029=DIRECTION('ref_axis',(-1.,0.,0.));
#3030=DIRECTION('',(1.,0.,0.));
#3031=DIRECTION('',(-1.,0.,0.));
#3032=DIRECTION('center_axis',(0.,1.,0.));
#3033=DIRECTION('ref_axis',(0.,0.,1.));
#3034=DIRECTION('center_axis',(-1.,0.,0.));
#3035=DIRECTION('ref_axis',(0.,0.,-1.));
#3036=DIRECTION('',(0.,-1.,0.));
#3037=DIRECTION('',(0.,0.,-1.));
#3038=DIRECTION('center_axis',(-1.,0.,0.));
#3039=DIRECTION('ref_axis',(0.,0.,1.));
#3040=DIRECTION('',(0.,1.,0.));
#3041=DIRECTION('',(0.,0.,1.));
#3042=DIRECTION('center_axis',(1.,0.,0.));
#3043=DIRECTION('ref_axis',(0.,0.,1.));
#3044=DIRECTION('',(-1.,0.,0.));
#3045=DIRECTION('center_axis',(1.,0.,0.));
#3046=DIRECTION('ref_axis',(0.,0.,1.));
#3047=DIRECTION('',(1.,0.,0.));
#3048=DIRECTION('center_axis',(0.,-1.,0.));
#3049=DIRECTION('ref_axis',(0.,0.,-1.));
#3050=DIRECTION('',(-1.,0.,0.));
#3051=DIRECTION('',(-1.,0.,0.));
#3052=DIRECTION('',(0.,0.,-1.));
#3053=DIRECTION('center_axis',(1.,0.,0.));
#3054=DIRECTION('ref_axis',(0.,0.,1.));
#3055=DIRECTION('',(0.,0.,1.));
#3056=DIRECTION('',(0.,1.,0.));
#3057=DIRECTION('',(0.,-1.,0.));
#3058=DIRECTION('center_axis',(0.,0.,-1.));
#3059=DIRECTION('ref_axis',(1.,0.,0.));
#3060=DIRECTION('',(1.,0.,0.));
#3061=DIRECTION('center_axis',(0.,1.,0.));
#3062=DIRECTION('ref_axis',(1.,0.,0.));
#3063=DIRECTION('center_axis',(-1.,0.,0.));
#3064=DIRECTION('ref_axis',(0.,0.,-1.));
#3065=DIRECTION('',(0.,-1.,0.));
#3066=DIRECTION('',(0.,0.,-1.));
#3067=DIRECTION('',(0.,-1.,0.));
#3068=DIRECTION('center_axis',(0.,0.,1.));
#3069=DIRECTION('ref_axis',(-1.,0.,0.));
#3070=DIRECTION('',(-1.,0.,0.));
#3071=DIRECTION('',(0.,-1.,0.));
#3072=DIRECTION('center_axis',(1.,0.,0.));
#3073=DIRECTION('ref_axis',(0.,0.,1.));
#3074=DIRECTION('',(0.,0.,1.));
#3075=DIRECTION('',(0.,-1.,0.));
#3076=DIRECTION('center_axis',(0.,0.,-1.));
#3077=DIRECTION('ref_axis',(1.,0.,0.));
#3078=DIRECTION('',(1.,0.,0.));
#3079=DIRECTION('center_axis',(0.,-1.,0.));
#3080=DIRECTION('ref_axis',(0.,0.,-1.));
#3081=DIRECTION('center_axis',(0.00117829897185207,0.,-0.999999305805526));
#3082=DIRECTION('ref_axis',(-0.999999305805525,0.,-0.00117829897185207));
#3083=DIRECTION('',(0.,1.,0.));
#3084=DIRECTION('',(-0.999999305805525,0.,-0.00117829897185207));
#3085=DIRECTION('',(0.,1.,0.));
#3086=DIRECTION('center_axis',(0.822997172650011,0.,0.568045468083399));
#3087=DIRECTION('ref_axis',(0.568045468083399,0.,-0.822997172650011));
#3088=DIRECTION('',(0.568045468083399,0.,-0.822997172650011));
#3089=DIRECTION('',(0.,-1.,0.));
#3090=DIRECTION('',(0.,1.,0.));
#3091=DIRECTION('',(0.,-1.,0.));
#3092=DIRECTION('center_axis',(-1.,0.,0.));
#3093=DIRECTION('ref_axis',(0.,0.,1.));
#3094=DIRECTION('',(0.,0.,1.));
#3095=DIRECTION('',(0.,0.,1.));
#3096=DIRECTION('center_axis',(0.,1.,0.));
#3097=DIRECTION('ref_axis',(1.,0.,0.));
#3098=DIRECTION('',(0.,1.,0.));
#3099=DIRECTION('center_axis',(0.,-1.,0.));
#3100=DIRECTION('ref_axis',(1.,0.,0.));
#3101=DIRECTION('center_axis',(0.,1.,0.));
#3102=DIRECTION('ref_axis',(1.,0.,0.));
#3103=DIRECTION('',(0.,1.,0.));
#3104=DIRECTION('center_axis',(0.,-1.,0.));
#3105=DIRECTION('ref_axis',(1.,0.,0.));
#3106=DIRECTION('center_axis',(0.,1.,0.));
#3107=DIRECTION('ref_axis',(1.,0.,0.));
#3108=DIRECTION('',(0.,1.,0.));
#3109=DIRECTION('center_axis',(0.,-1.,0.));
#3110=DIRECTION('ref_axis',(1.,0.,0.));
#3111=DIRECTION('center_axis',(0.,-1.,0.));
#3112=DIRECTION('ref_axis',(1.,0.,0.));
#3113=DIRECTION('center_axis',(0.,1.,0.));
#3114=DIRECTION('ref_axis',(1.,0.,0.));
#3115=DIRECTION('',(0.,1.,0.));
#3116=DIRECTION('center_axis',(0.,-1.,0.));
#3117=DIRECTION('ref_axis',(1.,0.,0.));
#3118=DIRECTION('center_axis',(0.,1.,0.));
#3119=DIRECTION('ref_axis',(1.,0.,0.));
#3120=DIRECTION('',(0.,1.,0.));
#3121=DIRECTION('center_axis',(0.,-1.,0.));
#3122=DIRECTION('ref_axis',(1.,0.,0.));
#3123=DIRECTION('center_axis',(0.,1.,0.));
#3124=DIRECTION('ref_axis',(1.,0.,0.));
#3125=DIRECTION('',(0.,1.,0.));
#3126=DIRECTION('center_axis',(0.,-1.,0.));
#3127=DIRECTION('ref_axis',(1.,0.,0.));
#3128=DIRECTION('center_axis',(0.,1.,0.));
#3129=DIRECTION('ref_axis',(1.,0.,0.));
#3130=DIRECTION('',(0.,1.,0.));
#3131=DIRECTION('center_axis',(0.,-1.,0.));
#3132=DIRECTION('ref_axis',(1.,0.,0.));
#3133=DIRECTION('center_axis',(0.,1.,0.));
#3134=DIRECTION('ref_axis',(1.,0.,0.));
#3135=DIRECTION('',(0.,1.,0.));
#3136=DIRECTION('center_axis',(0.,-1.,0.));
#3137=DIRECTION('ref_axis',(1.,0.,0.));
#3138=DIRECTION('center_axis',(0.,1.,0.));
#3139=DIRECTION('ref_axis',(1.,0.,0.));
#3140=DIRECTION('',(-1.,0.,0.));
#3141=DIRECTION('',(0.,0.,1.));
#3142=DIRECTION('',(1.,0.,-1.82606691023382E-33));
#3143=DIRECTION('',(0.,0.,-1.));
#3144=DIRECTION('',(-1.,0.,0.));
#3145=DIRECTION('center_axis',(0.,1.,0.));
#3146=DIRECTION('ref_axis',(0.,0.,1.));
#3147=DIRECTION('',(1.,0.,0.));
#3148=DIRECTION('',(0.,0.,-1.));
#3149=DIRECTION('',(-1.,0.,0.));
#3150=DIRECTION('',(0.,0.,1.));
#3151=DIRECTION('',(1.,0.,0.));
#3152=DIRECTION('center_axis',(0.,0.,1.));
#3153=DIRECTION('ref_axis',(1.,0.,0.));
#3154=DIRECTION('',(0.,1.,0.));
#3155=DIRECTION('center_axis',(-1.,0.,0.));
#3156=DIRECTION('ref_axis',(0.,0.,1.));
#3157=DIRECTION('',(0.,-1.,0.));
#3158=DIRECTION('',(0.,1.,0.));
#3159=DIRECTION('',(0.,1.,0.));
#3160=DIRECTION('',(0.,1.,0.));
#3161=DIRECTION('center_axis',(-1.82606691023382E-33,0.,-1.));
#3162=DIRECTION('ref_axis',(-1.,0.,1.82606691023382E-33));
#3163=DIRECTION('',(0.,1.,0.));
#3164=DIRECTION('center_axis',(-1.82606691023382E-33,0.,-1.));
#3165=DIRECTION('ref_axis',(-1.,0.,1.82606691023382E-33));
#3166=DIRECTION('',(0.,-1.,0.));
#3167=DIRECTION('center_axis',(0.,0.,1.));
#3168=DIRECTION('ref_axis',(1.,0.,0.));
#3169=DIRECTION('center_axis',(0.,0.,-1.));
#3170=DIRECTION('ref_axis',(-1.,0.,0.));
#3171=DIRECTION('',(0.,1.,0.));
#3172=DIRECTION('',(0.,1.,0.));
#3173=DIRECTION('center_axis',(-1.,0.,0.));
#3174=DIRECTION('ref_axis',(0.,0.,1.));
#3175=DIRECTION('center_axis',(-1.,0.,0.));
#3176=DIRECTION('ref_axis',(0.,0.,1.));
#3177=DIRECTION('center_axis',(0.,1.,0.));
#3178=DIRECTION('ref_axis',(0.,0.,1.));
#3179=DIRECTION('',(0.999999305805525,0.,0.00117829897185207));
#3180=DIRECTION('',(-0.568045468083399,0.,0.822997172650011));
#3181=DIRECTION('',(0.,0.,-1.));
#3182=DIRECTION('center_axis',(0.00117829897185207,0.,-0.999999305805526));
#3183=DIRECTION('ref_axis',(-0.999999305805525,0.,-0.00117829897185207));
#3184=DIRECTION('',(0.,1.,0.));
#3185=DIRECTION('',(0.999999305805525,0.,0.00117829897185207));
#3186=DIRECTION('',(0.,-1.,0.));
#3187=DIRECTION('center_axis',(-1.,0.,0.));
#3188=DIRECTION('ref_axis',(0.,0.,1.));
#3189=DIRECTION('',(0.,-1.,0.));
#3190=DIRECTION('',(0.,0.,-1.));
#3191=DIRECTION('center_axis',(0.822997172650011,0.,0.568045468083399));
#3192=DIRECTION('ref_axis',(0.568045468083399,0.,-0.822997172650011));
#3193=DIRECTION('',(-0.568045468083399,0.,0.822997172650011));
#3194=DIRECTION('center_axis',(0.,1.,0.));
#3195=DIRECTION('ref_axis',(1.,0.,0.));
#3196=DIRECTION('axis',(0.,0.,1.));
#3197=DIRECTION('refdir',(1.,0.,0.));
#3198=DIRECTION('center_axis',(0.,1.,0.));
#3199=DIRECTION('ref_axis',(1.,0.,0.));
#3200=DIRECTION('center_axis',(0.,-1.,0.));
#3201=DIRECTION('ref_axis',(1.,0.,0.));
#3202=DIRECTION('center_axis',(0.,1.,0.));
#3203=DIRECTION('ref_axis',(1.,0.,0.));
#3204=DIRECTION('center_axis',(0.,1.,0.));
#3205=DIRECTION('ref_axis',(1.,0.,0.));
#3206=DIRECTION('',(0.,-1.,0.));
#3207=DIRECTION('center_axis',(0.,-1.,0.));
#3208=DIRECTION('ref_axis',(0.,0.,-1.));
#3209=DIRECTION('',(0.,1.,0.));
#3210=DIRECTION('center_axis',(0.,1.,0.));
#3211=DIRECTION('ref_axis',(0.,0.,-1.));
#3212=DIRECTION('',(0.,-1.,0.));
#3213=DIRECTION('center_axis',(0.,1.,0.));
#3214=DIRECTION('ref_axis',(0.,0.,-1.));
#3215=DIRECTION('',(0.,1.,0.));
#3216=DIRECTION('center_axis',(0.,-1.,0.));
#3217=DIRECTION('ref_axis',(0.,0.,-1.));
#3218=DIRECTION('center_axis',(0.,1.,0.));
#3219=DIRECTION('ref_axis',(1.,0.,0.));
#3220=DIRECTION('center_axis',(0.,1.,0.));
#3221=DIRECTION('ref_axis',(1.,0.,0.));
#3222=DIRECTION('center_axis',(0.,1.,0.));
#3223=DIRECTION('ref_axis',(1.,0.,0.));
#3224=DIRECTION('',(0.,-1.,0.));
#3225=DIRECTION('center_axis',(0.,-1.,0.));
#3226=DIRECTION('ref_axis',(1.,0.,0.));
#3227=DIRECTION('',(0.,1.,0.));
#3228=DIRECTION('center_axis',(0.,1.,0.));
#3229=DIRECTION('ref_axis',(0.,0.,1.));
#3230=DIRECTION('',(0.,1.,0.));
#3231=DIRECTION('center_axis',(0.,-1.,0.));
#3232=DIRECTION('ref_axis',(0.,0.,1.));
#3233=DIRECTION('center_axis',(0.,1.,0.));
#3234=DIRECTION('ref_axis',(1.,0.,0.));
#3235=DIRECTION('center_axis',(0.,1.,0.));
#3236=DIRECTION('ref_axis',(1.,0.,0.));
#3237=DIRECTION('center_axis',(0.,0.,1.));
#3238=DIRECTION('ref_axis',(1.,0.,0.));
#3239=DIRECTION('',(1.,0.,0.));
#3240=DIRECTION('',(-1.,0.,0.));
#3241=DIRECTION('center_axis',(0.,0.,-1.));
#3242=DIRECTION('ref_axis',(-1.,0.,0.));
#3243=DIRECTION('',(-1.,0.,0.));
#3244=DIRECTION('',(1.,0.,0.));
#3245=DIRECTION('center_axis',(0.,0.,1.));
#3246=DIRECTION('ref_axis',(1.,0.,0.));
#3247=DIRECTION('',(1.,0.,0.));
#3248=DIRECTION('',(0.,1.,0.));
#3249=DIRECTION('',(1.,0.,0.));
#3250=DIRECTION('',(0.,1.,0.));
#3251=DIRECTION('center_axis',(0.,1.,0.));
#3252=DIRECTION('ref_axis',(0.,0.,-1.));
#3253=DIRECTION('center_axis',(0.,1.,0.));
#3254=DIRECTION('ref_axis',(0.,0.,-1.));
#3255=DIRECTION('center_axis',(0.,1.,0.));
#3256=DIRECTION('ref_axis',(0.,0.,-1.));
#3257=DIRECTION('',(0.,1.,0.));
#3258=DIRECTION('center_axis',(0.,0.,-1.));
#3259=DIRECTION('ref_axis',(-1.,0.,0.));
#3260=DIRECTION('',(-1.,0.,0.));
#3261=DIRECTION('',(-1.,0.,0.));
#3262=DIRECTION('',(0.,1.,0.));
#3263=DIRECTION('center_axis',(0.,1.,0.));
#3264=DIRECTION('ref_axis',(0.,0.,1.));
#3265=DIRECTION('center_axis',(0.,1.,0.));
#3266=DIRECTION('ref_axis',(0.,0.,1.));
#3267=DIRECTION('center_axis',(0.,1.,0.));
#3268=DIRECTION('ref_axis',(0.,0.,1.));
#3269=DIRECTION('center_axis',(0.,1.,0.));
#3270=DIRECTION('ref_axis',(1.,0.,0.));
#3271=DIRECTION('center_axis',(0.,1.,0.));
#3272=DIRECTION('ref_axis',(1.,0.,0.));
#3273=DIRECTION('axis',(0.,0.,1.));
#3274=DIRECTION('refdir',(1.,0.,0.));
#3275=DIRECTION('center_axis',(0.,0.,1.));
#3276=DIRECTION('ref_axis',(-1.,0.,0.));
#3277=DIRECTION('center_axis',(0.,0.,1.));
#3278=DIRECTION('ref_axis',(-1.,0.,0.));
#3279=DIRECTION('',(0.,0.,-1.));
#3280=DIRECTION('center_axis',(0.,0.,-1.));
#3281=DIRECTION('ref_axis',(-1.,0.,0.));
#3282=DIRECTION('center_axis',(0.,0.,1.));
#3283=DIRECTION('ref_axis',(-1.,0.,0.));
#3284=DIRECTION('center_axis',(0.980580676533908,-0.196116130923244,0.));
#3285=DIRECTION('ref_axis',(0.196116130923244,0.980580676533908,0.));
#3286=DIRECTION('',(-0.196116130923244,-0.980580676533908,0.));
#3287=DIRECTION('',(0.,0.,1.));
#3288=DIRECTION('',(0.196116130923244,0.980580676533908,0.));
#3289=DIRECTION('',(0.,0.,1.));
#3290=DIRECTION('center_axis',(0.,0.,1.));
#3291=DIRECTION('ref_axis',(-0.746396644983104,-0.665501351131586,0.));
#3292=DIRECTION('center_axis',(0.,0.,1.));
#3293=DIRECTION('ref_axis',(-0.746396644983104,-0.665501351131586,0.));
#3294=DIRECTION('center_axis',(0.,0.,1.));
#3295=DIRECTION('ref_axis',(-0.746396644983104,-0.665501351131586,0.));
#3296=DIRECTION('',(0.,0.,1.));
#3297=DIRECTION('center_axis',(-0.98058067569092,-0.196116135138184,0.));
#3298=DIRECTION('ref_axis',(0.196116135138184,-0.98058067569092,0.));
#3299=DIRECTION('',(-0.196116135138184,0.98058067569092,0.));
#3300=DIRECTION('',(0.196116135138184,-0.98058067569092,0.));
#3301=DIRECTION('',(0.,0.,1.));
#3302=DIRECTION('center_axis',(0.,0.,1.));
#3303=DIRECTION('ref_axis',(0.862981466567357,0.505235577093749,0.));
#3304=DIRECTION('center_axis',(0.,0.,1.));
#3305=DIRECTION('ref_axis',(0.862981466567357,0.505235577093749,0.));
#3306=DIRECTION('center_axis',(0.,0.,1.));
#3307=DIRECTION('ref_axis',(0.862981466567357,0.505235577093749,0.));
#3308=DIRECTION('center_axis',(0.,0.,1.));
#3309=DIRECTION('ref_axis',(1.,0.,0.));
#3310=DIRECTION('center_axis',(0.,0.,1.));
#3311=DIRECTION('ref_axis',(1.,0.,0.));
#3312=DIRECTION('axis',(0.,0.,1.));
#3313=DIRECTION('refdir',(1.,0.,0.));
#3314=DIRECTION('center_axis',(0.,0.,1.));
#3315=DIRECTION('ref_axis',(1.,0.,0.));
#3316=DIRECTION('',(1.,0.,0.));
#3317=DIRECTION('',(0.,1.,0.));
#3318=DIRECTION('',(-1.,0.,0.));
#3319=DIRECTION('',(0.,1.,0.));
#3320=DIRECTION('center_axis',(-1.,0.,0.));
#3321=DIRECTION('ref_axis',(0.,0.,1.));
#3322=DIRECTION('',(0.,0.,1.));
#3323=DIRECTION('',(0.,-1.,0.));
#3324=DIRECTION('',(0.,0.,-1.));
#3325=DIRECTION('center_axis',(-1.,0.,0.));
#3326=DIRECTION('ref_axis',(0.,0.,1.));
#3327=DIRECTION('',(0.,0.,-1.));
#3328=DIRECTION('',(0.,1.,0.));
#3329=DIRECTION('',(0.,0.,1.));
#3330=DIRECTION('',(0.,-1.,0.));
#3331=DIRECTION('center_axis',(1.,0.,0.));
#3332=DIRECTION('ref_axis',(0.,0.,-1.));
#3333=DIRECTION('',(0.,0.,-1.));
#3334=DIRECTION('',(0.,0.,1.));
#3335=DIRECTION('',(0.,1.,0.));
#3336=DIRECTION('center_axis',(1.,0.,0.));
#3337=DIRECTION('ref_axis',(0.,0.,-1.));
#3338=DIRECTION('',(0.,0.,1.));
#3339=DIRECTION('',(0.,1.,0.));
#3340=DIRECTION('',(0.,0.,-1.));
#3341=DIRECTION('',(0.,1.,0.));
#3342=DIRECTION('center_axis',(0.,0.,1.));
#3343=DIRECTION('ref_axis',(1.,0.,0.));
#3344=DIRECTION('',(-1.,0.,0.));
#3345=DIRECTION('',(1.,0.,0.));
#3346=DIRECTION('center_axis',(0.,-1.,0.));
#3347=DIRECTION('ref_axis',(1.,0.,0.));
#3348=DIRECTION('',(-1.,0.,0.));
#3349=DIRECTION('',(0.,0.,1.));
#3350=DIRECTION('',(1.,0.,0.));
#3351=DIRECTION('',(0.,0.,1.));
#3352=DIRECTION('',(-1.,0.,0.));
#3353=DIRECTION('center_axis',(0.,0.,1.));
#3354=DIRECTION('ref_axis',(1.,0.,0.));
#3355=DIRECTION('',(1.,0.,0.));
#3356=DIRECTION('',(0.,1.,0.));
#3357=DIRECTION('',(-1.,0.,0.));
#3358=DIRECTION('',(1.,0.,0.));
#3359=DIRECTION('',(0.,-1.,0.));
#3360=DIRECTION('center_axis',(0.,0.,1.));
#3361=DIRECTION('ref_axis',(1.,0.,0.));
#3362=DIRECTION('',(0.,1.,0.));
#3363=DIRECTION('',(1.,0.,0.));
#3364=DIRECTION('',(-1.,0.,0.));
#3365=DIRECTION('',(0.,-1.,0.));
#3366=DIRECTION('',(1.,0.,0.));
#3367=DIRECTION('center_axis',(0.,1.,0.));
#3368=DIRECTION('ref_axis',(-1.,0.,0.));
#3369=DIRECTION('',(0.,0.,1.));
#3370=DIRECTION('',(-1.,0.,0.));
#3371=DIRECTION('',(0.,0.,1.));
#3372=DIRECTION('center_axis',(0.,0.,-1.));
#3373=DIRECTION('ref_axis',(-1.,0.,0.));
#3374=DIRECTION('center_axis',(0.,0.,-1.));
#3375=DIRECTION('ref_axis',(-1.,0.,0.));
#3376=DIRECTION('',(0.,0.,-1.));
#3377=DIRECTION('center_axis',(0.,0.,1.));
#3378=DIRECTION('ref_axis',(-1.,0.,0.));
#3379=DIRECTION('center_axis',(0.,0.,-1.));
#3380=DIRECTION('ref_axis',(-1.,0.,0.));
#3381=DIRECTION('center_axis',(0.,0.,-1.));
#3382=DIRECTION('ref_axis',(-1.,0.,0.));
#3383=DIRECTION('',(0.,0.,-1.));
#3384=DIRECTION('center_axis',(0.,0.,1.));
#3385=DIRECTION('ref_axis',(-1.,0.,0.));
#3386=DIRECTION('center_axis',(0.,0.,-1.));
#3387=DIRECTION('ref_axis',(-1.,0.,0.));
#3388=DIRECTION('center_axis',(0.,0.,-1.));
#3389=DIRECTION('ref_axis',(-1.,0.,0.));
#3390=DIRECTION('',(0.,0.,-1.));
#3391=DIRECTION('center_axis',(0.,0.,1.));
#3392=DIRECTION('ref_axis',(-1.,0.,0.));
#3393=DIRECTION('center_axis',(0.,0.,-1.));
#3394=DIRECTION('ref_axis',(-1.,0.,0.));
#3395=DIRECTION('center_axis',(0.,0.,-1.));
#3396=DIRECTION('ref_axis',(-1.,0.,0.));
#3397=DIRECTION('',(0.,0.,-1.));
#3398=DIRECTION('center_axis',(0.,0.,1.));
#3399=DIRECTION('ref_axis',(-1.,0.,0.));
#3400=DIRECTION('center_axis',(0.,0.,-1.));
#3401=DIRECTION('ref_axis',(-1.,0.,0.));
#3402=DIRECTION('center_axis',(0.,0.,-1.));
#3403=DIRECTION('ref_axis',(-1.,0.,0.));
#3404=DIRECTION('',(0.,0.,-1.));
#3405=DIRECTION('center_axis',(0.,0.,1.));
#3406=DIRECTION('ref_axis',(-1.,0.,0.));
#3407=DIRECTION('center_axis',(0.,0.,1.));
#3408=DIRECTION('ref_axis',(1.,0.,0.));
#3409=DIRECTION('',(0.,-1.,0.));
#3410=DIRECTION('',(-1.,0.,0.));
#3411=DIRECTION('',(0.,1.,0.));
#3412=DIRECTION('',(1.,0.,0.));
#3413=DIRECTION('center_axis',(0.,1.,0.));
#3414=DIRECTION('ref_axis',(-1.,0.,0.));
#3415=DIRECTION('',(0.,0.,1.));
#3416=DIRECTION('',(0.,0.,-1.));
#3417=DIRECTION('center_axis',(-1.,0.,0.));
#3418=DIRECTION('ref_axis',(0.,-1.,0.));
#3419=DIRECTION('',(0.,0.,-1.));
#3420=DIRECTION('center_axis',(0.,-1.,0.));
#3421=DIRECTION('ref_axis',(1.,0.,0.));
#3422=DIRECTION('',(0.,0.,-1.));
#3423=DIRECTION('center_axis',(1.,0.,0.));
#3424=DIRECTION('ref_axis',(0.,1.,0.));
#3425=DIRECTION('center_axis',(1.,0.,0.));
#3426=DIRECTION('ref_axis',(0.,1.,0.));
#3427=DIRECTION('',(0.,1.,0.));
#3428=DIRECTION('center_axis',(-1.,0.,0.));
#3429=DIRECTION('ref_axis',(0.,-1.,0.));
#3430=DIRECTION('',(0.,-1.,0.));
#3431=DIRECTION('center_axis',(0.,0.,1.));
#3432=DIRECTION('ref_axis',(1.,0.,0.));
#3433=DIRECTION('axis',(0.,0.,1.));
#3434=DIRECTION('refdir',(1.,0.,0.));
#3435=DIRECTION('center_axis',(0.,0.,1.));
#3436=DIRECTION('ref_axis',(1.,0.,0.));
#3437=DIRECTION('center_axis',(0.,0.,1.));
#3438=DIRECTION('ref_axis',(1.,0.,0.));
#3439=DIRECTION('',(0.,0.,1.));
#3440=DIRECTION('center_axis',(0.,0.,-1.));
#3441=DIRECTION('ref_axis',(1.,0.,0.));
#3442=DIRECTION('center_axis',(0.,0.,1.));
#3443=DIRECTION('ref_axis',(1.,0.,0.));
#3444=DIRECTION('center_axis',(0.,0.,1.));
#3445=DIRECTION('ref_axis',(1.,0.,0.));
#3446=DIRECTION('',(0.,0.,1.));
#3447=DIRECTION('center_axis',(0.,0.,-1.));
#3448=DIRECTION('ref_axis',(1.,0.,0.));
#3449=DIRECTION('center_axis',(0.,0.,1.));
#3450=DIRECTION('ref_axis',(1.,0.,0.));
#3451=DIRECTION('center_axis',(0.,0.,1.));
#3452=DIRECTION('ref_axis',(1.,0.,0.));
#3453=DIRECTION('',(0.,0.,1.));
#3454=DIRECTION('center_axis',(0.,0.,-1.));
#3455=DIRECTION('ref_axis',(1.,0.,0.));
#3456=DIRECTION('center_axis',(0.,0.,1.));
#3457=DIRECTION('ref_axis',(1.,0.,0.));
#3458=DIRECTION('center_axis',(0.,0.,1.));
#3459=DIRECTION('ref_axis',(1.,0.,0.));
#3460=DIRECTION('',(0.,0.,1.));
#3461=DIRECTION('center_axis',(0.,0.,-1.));
#3462=DIRECTION('ref_axis',(1.,0.,0.));
#3463=DIRECTION('center_axis',(0.,0.,1.));
#3464=DIRECTION('ref_axis',(1.,0.,0.));
#3465=DIRECTION('center_axis',(0.,0.,1.));
#3466=DIRECTION('ref_axis',(1.,0.,0.));
#3467=DIRECTION('',(0.,0.,1.));
#3468=DIRECTION('center_axis',(0.,0.,-1.));
#3469=DIRECTION('ref_axis',(1.,0.,0.));
#3470=DIRECTION('center_axis',(-1.,2.24855296126614E-16,0.));
#3471=DIRECTION('ref_axis',(-2.24855296126614E-16,-1.,0.));
#3472=DIRECTION('',(-2.24855296126614E-16,-1.,0.));
#3473=DIRECTION('',(0.,0.,-1.));
#3474=DIRECTION('',(2.24855296126614E-16,1.,0.));
#3475=DIRECTION('',(0.,0.,1.));
#3476=DIRECTION('center_axis',(6.16790569236198E-17,1.,0.));
#3477=DIRECTION('ref_axis',(-1.,6.16790569236198E-17,0.));
#3478=DIRECTION('',(-1.,6.16790569236198E-17,0.));
#3479=DIRECTION('',(0.,0.,-1.));
#3480=DIRECTION('',(1.,-6.16790569236198E-17,0.));
#3481=DIRECTION('center_axis',(1.,0.,0.));
#3482=DIRECTION('ref_axis',(0.,1.,0.));
#3483=DIRECTION('',(0.,1.,0.));
#3484=DIRECTION('',(0.,0.,-1.));
#3485=DIRECTION('',(0.,-1.,0.));
#3486=DIRECTION('center_axis',(-6.16790569236198E-17,-1.,0.));
#3487=DIRECTION('ref_axis',(1.,-6.16790569236198E-17,0.));
#3488=DIRECTION('',(1.,-6.16790569236198E-17,0.));
#3489=DIRECTION('',(-1.,6.16790569236198E-17,0.));
#3490=DIRECTION('center_axis',(-1.,2.24855296126614E-16,0.));
#3491=DIRECTION('ref_axis',(-2.24855296126614E-16,-1.,0.));
#3492=DIRECTION('',(2.24855296126614E-16,1.,0.));
#3493=DIRECTION('',(0.,0.,1.));
#3494=DIRECTION('',(-2.24855296126614E-16,-1.,0.));
#3495=DIRECTION('',(0.,0.,1.));
#3496=DIRECTION('center_axis',(6.16790569236198E-17,1.,0.));
#3497=DIRECTION('ref_axis',(-1.,6.16790569236198E-17,0.));
#3498=DIRECTION('',(1.,-6.16790569236198E-17,0.));
#3499=DIRECTION('',(-1.,6.16790569236198E-17,0.));
#3500=DIRECTION('',(0.,0.,1.));
#3501=DIRECTION('center_axis',(1.,0.,0.));
#3502=DIRECTION('ref_axis',(0.,1.,0.));
#3503=DIRECTION('',(0.,-1.,0.));
#3504=DIRECTION('',(0.,1.,0.));
#3505=DIRECTION('',(0.,0.,1.));
#3506=DIRECTION('center_axis',(-6.16790569236198E-17,-1.,0.));
#3507=DIRECTION('ref_axis',(1.,-6.16790569236198E-17,0.));
#3508=DIRECTION('',(-1.,6.16790569236198E-17,0.));
#3509=DIRECTION('',(1.,-6.16790569236198E-17,0.));
#3510=DIRECTION('center_axis',(0.,0.,1.));
#3511=DIRECTION('ref_axis',(1.,0.,0.));
#3512=DIRECTION('center_axis',(0.,0.,1.));
#3513=DIRECTION('ref_axis',(1.,0.,0.));
#3514=DIRECTION('',(-1.,0.,0.));
#3515=DIRECTION('',(0.,-1.,0.));
#3516=DIRECTION('',(1.,5.9211894646675E-17,0.));
#3517=DIRECTION('',(-1.0449157878825E-16,1.,0.));
#3518=DIRECTION('center_axis',(1.,1.0449157878825E-16,0.));
#3519=DIRECTION('ref_axis',(-1.0449157878825E-16,1.,0.));
#3520=DIRECTION('',(1.0449157878825E-16,-1.,0.));
#3521=DIRECTION('',(0.,0.,1.));
#3522=DIRECTION('',(0.,0.,1.));
#3523=DIRECTION('center_axis',(5.9211894646675E-17,-1.,0.));
#3524=DIRECTION('ref_axis',(1.,5.9211894646675E-17,0.));
#3525=DIRECTION('',(-1.,-5.9211894646675E-17,0.));
#3526=DIRECTION('',(0.,0.,1.));
#3527=DIRECTION('center_axis',(-1.,0.,0.));
#3528=DIRECTION('ref_axis',(0.,-1.,0.));
#3529=DIRECTION('',(0.,1.,0.));
#3530=DIRECTION('',(0.,0.,1.));
#3531=DIRECTION('center_axis',(0.,1.,0.));
#3532=DIRECTION('ref_axis',(-1.,0.,0.));
#3533=DIRECTION('',(1.,0.,0.));
#3534=DIRECTION('center_axis',(0.,0.,1.));
#3535=DIRECTION('ref_axis',(1.,0.,0.));
#3536=DIRECTION('center_axis',(0.,0.,1.));
#3537=DIRECTION('ref_axis',(1.,0.,0.));
#3538=DIRECTION('',(0.,0.,1.));
#3539=DIRECTION('',(1.,0.,0.));
#3540=DIRECTION('',(0.,0.,1.));
#3541=DIRECTION('',(1.,0.,0.));
#3542=DIRECTION('',(0.,0.,1.));
#3543=DIRECTION('',(1.,0.,0.));
#3544=DIRECTION('',(0.,0.,-1.));
#3545=DIRECTION('',(-0.996194698091746,-0.0871557427476582,0.));
#3546=DIRECTION('',(0.,0.,-1.));
#3547=DIRECTION('',(-0.819152044288992,-0.573576436351046,0.));
#3548=DIRECTION('',(0.,0.,1.));
#3549=DIRECTION('',(-1.83697019872103E-16,1.,0.));
#3550=DIRECTION('',(0.,0.,1.));
#3551=DIRECTION('',(-1.83697019872103E-16,1.,0.));
#3552=DIRECTION('center_axis',(0.,0.,1.));
#3553=DIRECTION('ref_axis',(1.,0.,0.));
#3554=CARTESIAN_POINT('',(0.,0.,0.));
#3555=CARTESIAN_POINT('',(0.,0.,0.));
#3556=CARTESIAN_POINT('Origin',(670.,120.,21.));
#3557=CARTESIAN_POINT('',(670.,120.,21.));
#3558=CARTESIAN_POINT('',(670.,30.,21.));
#3559=CARTESIAN_POINT('',(670.,97.5,21.));
#3560=CARTESIAN_POINT('',(670.,120.,11.));
#3561=CARTESIAN_POINT('',(670.,120.,21.));
#3562=CARTESIAN_POINT('',(670.,30.,11.));
#3563=CARTESIAN_POINT('',(670.,120.,11.));
#3564=CARTESIAN_POINT('',(670.,30.,21.));
#3565=CARTESIAN_POINT('Origin',(460.,120.,21.));
#3566=CARTESIAN_POINT('',(460.,120.,21.));
#3567=CARTESIAN_POINT('',(512.5,120.,21.));
#3568=CARTESIAN_POINT('',(460.,120.,11.));
#3569=CARTESIAN_POINT('',(460.,120.,21.));
#3570=CARTESIAN_POINT('',(460.,120.,11.));
#3571=CARTESIAN_POINT('Origin',(460.,30.,21.));
#3572=CARTESIAN_POINT('',(460.,30.,21.));
#3573=CARTESIAN_POINT('',(460.,52.5,21.));
#3574=CARTESIAN_POINT('',(460.,30.,11.));
#3575=CARTESIAN_POINT('',(460.,30.,21.));
#3576=CARTESIAN_POINT('',(460.,30.,11.));
#3577=CARTESIAN_POINT('Origin',(670.,30.,21.));
#3578=CARTESIAN_POINT('',(617.5,30.,21.));
#3579=CARTESIAN_POINT('',(670.,30.,11.));
#3580=CARTESIAN_POINT('Origin',(565.,75.,11.));
#3581=CARTESIAN_POINT('Origin',(450.,130.,1.));
#3582=CARTESIAN_POINT('',(450.,20.,1.));
#3583=CARTESIAN_POINT('',(450.,130.,1.));
#3584=CARTESIAN_POINT('',(450.,65.,1.));
#3585=CARTESIAN_POINT('',(450.,20.,21.));
#3586=CARTESIAN_POINT('',(450.,20.,1.));
#3587=CARTESIAN_POINT('',(450.,130.,21.));
#3588=CARTESIAN_POINT('',(450.,20.,21.));
#3589=CARTESIAN_POINT('',(450.,130.,1.));
#3590=CARTESIAN_POINT('Origin',(680.,130.,1.));
#3591=CARTESIAN_POINT('',(549.,130.,1.));
#3592=CARTESIAN_POINT('',(475.,130.,1.));
#3593=CARTESIAN_POINT('',(680.,130.,21.));
#3594=CARTESIAN_POINT('',(450.,130.,21.));
#3595=CARTESIAN_POINT('',(680.,130.,1.));
#3596=CARTESIAN_POINT('',(680.,130.,1.));
#3597=CARTESIAN_POINT('',(450.,130.,1.));
#3598=CARTESIAN_POINT('Origin',(680.,20.,1.));
#3599=CARTESIAN_POINT('',(680.,20.,1.));
#3600=CARTESIAN_POINT('',(680.,130.,1.));
#3601=CARTESIAN_POINT('',(680.,20.,21.));
#3602=CARTESIAN_POINT('',(680.,130.,21.));
#3603=CARTESIAN_POINT('',(680.,20.,1.));
#3604=CARTESIAN_POINT('Origin',(450.,20.,1.));
#3605=CARTESIAN_POINT('',(549.,20.,1.));
#3606=CARTESIAN_POINT('',(680.,20.,1.));
#3607=CARTESIAN_POINT('',(680.,20.,21.));
#3608=CARTESIAN_POINT('',(360.,20.,1.));
#3609=CARTESIAN_POINT('Origin',(565.,75.,21.));
#3610=CARTESIAN_POINT('Origin',(565.,75.,1.));
#3611=CARTESIAN_POINT('',(549.,0.,0.999999999999996));
#3612=CARTESIAN_POINT('Origin',(348.659477233887,149.357938766479,88.));
#3613=CARTESIAN_POINT('',(349.593222295159,149.,88.));
#3614=CARTESIAN_POINT('',(347.725732172614,149.,88.));
#3615=CARTESIAN_POINT('',(241.829738616943,149.,88.));
#3616=CARTESIAN_POINT('',(349.426130592589,150.,88.));
#3617=CARTESIAN_POINT('Origin',(348.659477233887,149.357938766479,88.));
#3618=CARTESIAN_POINT('',(347.892823875184,150.,88.));
#3619=CARTESIAN_POINT('',(241.829738616943,150.,88.));
#3620=CARTESIAN_POINT('Origin',(348.659477233887,149.357938766479,88.));
#3621=CARTESIAN_POINT('Origin',(348.659477233887,149.357938766479,89.));
#3622=CARTESIAN_POINT('',(347.725732172614,149.,90.));
#3623=CARTESIAN_POINT('',(347.725732172614,149.,89.));
#3624=CARTESIAN_POINT('',(347.892823875184,150.,90.));
#3625=CARTESIAN_POINT('',(347.892823875184,150.,89.));
#3626=CARTESIAN_POINT('Origin',(348.659477233887,149.357938766479,90.));
#3627=CARTESIAN_POINT('Origin',(348.659477233887,149.357938766479,89.));
#3628=CARTESIAN_POINT('',(349.593222295159,149.,90.));
#3629=CARTESIAN_POINT('',(349.593222295159,149.,89.));
#3630=CARTESIAN_POINT('',(349.426130592589,150.,90.));
#3631=CARTESIAN_POINT('Origin',(348.659477233887,149.357938766479,90.));
#3632=CARTESIAN_POINT('',(349.426130592589,150.,89.));
#3633=CARTESIAN_POINT('Origin',(135.,149.,60.));
#3634=CARTESIAN_POINT('',(270.,149.,90.));
#3635=CARTESIAN_POINT('',(202.5,149.,90.));
#3636=CARTESIAN_POINT('',(270.,149.,110.));
#3637=CARTESIAN_POINT('',(270.,149.,90.));
#3638=CARTESIAN_POINT('',(261.,149.,110.));
#3639=CARTESIAN_POINT('Origin',(265.5,149.,110.));
#3640=CARTESIAN_POINT('Origin',(265.5,149.,110.));
#3641=CARTESIAN_POINT('',(270.,149.,119.));
#3642=CARTESIAN_POINT('',(270.,149.,90.));
#3643=CARTESIAN_POINT('',(0.999999999999999,149.,119.));
#3644=CARTESIAN_POINT('',(67.5,149.,119.));
#3645=CARTESIAN_POINT('',(1.,149.,0.999999999999999));
#3646=CARTESIAN_POINT('',(0.999999999999996,149.,30.));
#3647=CARTESIAN_POINT('',(549.,149.,0.999999999999998));
#3648=CARTESIAN_POINT('',(202.5,149.,1.));
#3649=CARTESIAN_POINT('',(549.,149.,90.));
#3650=CARTESIAN_POINT('',(549.,149.,75.));
#3651=CARTESIAN_POINT('',(202.5,149.,90.));
#3652=CARTESIAN_POINT('',(290.000004187226,149.,82.5));
#3653=CARTESIAN_POINT('Origin',(294.500004321337,149.,82.5));
#3654=CARTESIAN_POINT('',(530.000004321337,149.,82.5));
#3655=CARTESIAN_POINT('Origin',(534.500004321337,149.,82.5));
#3656=CARTESIAN_POINT('',(21.,149.,110.));
#3657=CARTESIAN_POINT('Origin',(25.5,149.,110.));
#3658=CARTESIAN_POINT('Origin',(270.,0.,90.));
#3659=CARTESIAN_POINT('',(270.,150.,90.));
#3660=CARTESIAN_POINT('',(270.,150.,90.));
#3661=CARTESIAN_POINT('',(270.,0.,90.));
#3662=CARTESIAN_POINT('Origin',(347.218246459961,0.741853564977646,88.));
#3663=CARTESIAN_POINT('',(347.888808379645,0.,88.));
#3664=CARTESIAN_POINT('',(346.547684540277,0.,88.));
#3665=CARTESIAN_POINT('',(241.10912322998,0.,88.));
#3666=CARTESIAN_POINT('',(348.184352260629,1.,88.));
#3667=CARTESIAN_POINT('Origin',(347.218246459961,0.741853564977646,88.));
#3668=CARTESIAN_POINT('',(346.252140659292,1.,88.));
#3669=CARTESIAN_POINT('',(241.10912322998,1.,88.));
#3670=CARTESIAN_POINT('Origin',(347.218246459961,0.741853564977646,88.));
#3671=CARTESIAN_POINT('Origin',(347.218246459961,0.741853564977646,89.));
#3672=CARTESIAN_POINT('',(346.547684540277,0.,90.));
#3673=CARTESIAN_POINT('',(346.547684540277,0.,89.));
#3674=CARTESIAN_POINT('',(346.252140659292,1.,90.));
#3675=CARTESIAN_POINT('',(346.252140659292,1.,89.));
#3676=CARTESIAN_POINT('Origin',(347.218246459961,0.741853564977646,90.));
#3677=CARTESIAN_POINT('Origin',(347.218246459961,0.741853564977646,89.));
#3678=CARTESIAN_POINT('',(347.888808379645,0.,90.));
#3679=CARTESIAN_POINT('',(347.888808379645,0.,89.));
#3680=CARTESIAN_POINT('',(348.184352260629,1.,90.));
#3681=CARTESIAN_POINT('Origin',(347.218246459961,0.741853564977646,90.));
#3682=CARTESIAN_POINT('',(348.184352260629,1.,89.));
#3683=CARTESIAN_POINT('Origin',(135.,0.,60.));
#3684=CARTESIAN_POINT('',(270.,0.,90.));
#3685=CARTESIAN_POINT('',(270.,0.,90.));
#3686=CARTESIAN_POINT('',(289.99998611611,0.,90.023565979437));
#3687=CARTESIAN_POINT('',(289.99998611611,0.,90.023565979437));
#3688=CARTESIAN_POINT('',(270.,0.,119.));
#3689=CARTESIAN_POINT('',(270.,0.,119.));
#3690=CARTESIAN_POINT('',(0.,0.,119.));
#3691=CARTESIAN_POINT('',(67.5,0.,119.));
#3692=CARTESIAN_POINT('',(0.,0.,0.));
#3693=CARTESIAN_POINT('',(0.,0.,120.));
#3694=CARTESIAN_POINT('',(549.,0.,0.));
#3695=CARTESIAN_POINT('',(550.,0.,0.));
#3696=CARTESIAN_POINT('',(549.,0.,90.));
#3697=CARTESIAN_POINT('',(549.,0.,75.));
#3698=CARTESIAN_POINT('',(270.,0.,90.));
#3699=CARTESIAN_POINT('',(290.000004187226,0.,82.5));
#3700=CARTESIAN_POINT('Origin',(294.500004321337,0.,82.5));
#3701=CARTESIAN_POINT('',(530.000004321337,0.,82.5));
#3702=CARTESIAN_POINT('Origin',(534.500004321337,0.,82.5));
#3703=CARTESIAN_POINT('',(21.,0.,110.));
#3704=CARTESIAN_POINT('Origin',(25.5,0.,110.));
#3705=CARTESIAN_POINT('',(261.,0.,110.));
#3706=CARTESIAN_POINT('Origin',(265.5,0.,110.));
#3707=CARTESIAN_POINT('',(350.,0.,68.));
#3708=CARTESIAN_POINT('',(350.,0.,88.));
#3709=CARTESIAN_POINT('',(350.,0.,74.));
#3710=CARTESIAN_POINT('',(500.,0.,88.));
#3711=CARTESIAN_POINT('',(317.5,0.,88.));
#3712=CARTESIAN_POINT('',(500.,0.,68.));
#3713=CARTESIAN_POINT('',(500.,0.,64.));
#3714=CARTESIAN_POINT('',(242.5,0.,68.));
#3715=CARTESIAN_POINT('Origin',(270.,0.,90.));
#3716=CARTESIAN_POINT('',(270.,1.,90.));
#3717=CARTESIAN_POINT('',(202.5,1.,90.));
#3718=CARTESIAN_POINT('',(270.,0.,90.));
#3719=CARTESIAN_POINT('Origin',(495.,295.,88.));
#3720=CARTESIAN_POINT('',(495.,295.,88.));
#3721=CARTESIAN_POINT('',(495.,155.,88.));
#3722=CARTESIAN_POINT('',(495.,222.5,88.));
#3723=CARTESIAN_POINT('',(495.,295.,69.));
#3724=CARTESIAN_POINT('',(495.,295.,88.));
#3725=CARTESIAN_POINT('',(495.,155.,69.));
#3726=CARTESIAN_POINT('',(495.,295.,69.));
#3727=CARTESIAN_POINT('',(495.,155.,88.));
#3728=CARTESIAN_POINT('Origin',(355.,295.,88.));
#3729=CARTESIAN_POINT('',(355.,295.,88.));
#3730=CARTESIAN_POINT('',(352.5,295.,88.));
#3731=CARTESIAN_POINT('',(355.,295.,69.));
#3732=CARTESIAN_POINT('',(355.,295.,88.));
#3733=CARTESIAN_POINT('',(355.,295.,69.));
#3734=CARTESIAN_POINT('Origin',(355.,155.,88.));
#3735=CARTESIAN_POINT('',(355.,155.,88.));
#3736=CARTESIAN_POINT('',(355.,152.5,88.));
#3737=CARTESIAN_POINT('',(355.,155.,69.));
#3738=CARTESIAN_POINT('',(355.,155.,88.));
#3739=CARTESIAN_POINT('',(355.,155.,69.));
#3740=CARTESIAN_POINT('Origin',(495.,155.,88.));
#3741=CARTESIAN_POINT('',(422.5,155.,88.));
#3742=CARTESIAN_POINT('',(495.,155.,69.));
#3743=CARTESIAN_POINT('Origin',(425.,225.,69.));
#3744=CARTESIAN_POINT('Origin',(500.,150.,88.));
#3745=CARTESIAN_POINT('',(500.,150.,68.));
#3746=CARTESIAN_POINT('',(500.,150.,88.));
#3747=CARTESIAN_POINT('',(500.,150.,74.));
#3748=CARTESIAN_POINT('',(500.,300.,68.));
#3749=CARTESIAN_POINT('',(500.,150.,68.));
#3750=CARTESIAN_POINT('',(500.,300.,88.));
#3751=CARTESIAN_POINT('',(500.,300.,68.));
#3752=CARTESIAN_POINT('',(500.,150.,88.));
#3753=CARTESIAN_POINT('Origin',(350.,150.,88.));
#3754=CARTESIAN_POINT('',(350.,150.,88.));
#3755=CARTESIAN_POINT('',(242.5,150.,88.));
#3756=CARTESIAN_POINT('',(350.,300.,88.));
#3757=CARTESIAN_POINT('',(500.,300.,88.));
#3758=CARTESIAN_POINT('',(350.,150.,88.));
#3759=CARTESIAN_POINT('Origin',(350.,150.,68.));
#3760=CARTESIAN_POINT('',(350.,150.,68.));
#3761=CARTESIAN_POINT('',(350.,150.,64.));
#3762=CARTESIAN_POINT('',(350.,300.,68.));
#3763=CARTESIAN_POINT('',(350.,300.,88.));
#3764=CARTESIAN_POINT('',(350.,150.,68.));
#3765=CARTESIAN_POINT('Origin',(500.,150.,68.));
#3766=CARTESIAN_POINT('',(317.5,150.,68.));
#3767=CARTESIAN_POINT('',(350.,300.,68.));
#3768=CARTESIAN_POINT('Origin',(425.,300.,78.));
#3769=CARTESIAN_POINT('Origin',(355.,0.,88.));
#3770=CARTESIAN_POINT('',(355.,-4.,73.));
#3771=CARTESIAN_POINT('',(355.,-145.,73.));
#3772=CARTESIAN_POINT('',(355.,0.,73.));
#3773=CARTESIAN_POINT('',(355.,-4.,85.));
#3774=CARTESIAN_POINT('',(355.,-4.,74.));
#3775=CARTESIAN_POINT('',(355.,-5.,88.));
#3776=CARTESIAN_POINT('Origin',(355.,0.,88.));
#3777=CARTESIAN_POINT('',(355.,-145.,88.));
#3778=CARTESIAN_POINT('',(355.,0.,88.));
#3779=CARTESIAN_POINT('',(355.,-145.,83.));
#3780=CARTESIAN_POINT('Origin',(317.5,0.,88.));
#3781=CARTESIAN_POINT('',(495.,-4.,85.));
#3782=CARTESIAN_POINT('',(317.5,-4.,85.));
#3783=CARTESIAN_POINT('',(495.,-5.,88.));
#3784=CARTESIAN_POINT('Origin',(495.,0.,88.));
#3785=CARTESIAN_POINT('',(317.5,-5.,88.));
#3786=CARTESIAN_POINT('Origin',(425.,-145.,78.));
#3787=CARTESIAN_POINT('',(495.,-145.,73.));
#3788=CARTESIAN_POINT('',(387.5,-145.,73.));
#3789=CARTESIAN_POINT('',(495.,-145.,88.));
#3790=CARTESIAN_POINT('',(350.,-145.,88.));
#3791=CARTESIAN_POINT('',(495.,-145.,73.));
#3792=CARTESIAN_POINT('Origin',(495.,0.,68.));
#3793=CARTESIAN_POINT('',(495.,-4.,73.));
#3794=CARTESIAN_POINT('',(495.,-4.,64.));
#3795=CARTESIAN_POINT('',(495.,0.,73.));
#3796=CARTESIAN_POINT('',(495.,0.,88.));
#3797=CARTESIAN_POINT('Origin',(350.,0.,73.));
#3798=CARTESIAN_POINT('',(242.5,-4.,73.));
#3799=CARTESIAN_POINT('Origin',(135.,-4.,60.));
#3800=CARTESIAN_POINT('Origin',(350.,0.,88.));
#3801=CARTESIAN_POINT('',(350.,-150.,68.));
#3802=CARTESIAN_POINT('',(350.,0.,68.));
#3803=CARTESIAN_POINT('',(350.,-150.,88.));
#3804=CARTESIAN_POINT('',(350.,-150.,68.));
#3805=CARTESIAN_POINT('',(350.,0.,88.));
#3806=CARTESIAN_POINT('Origin',(500.,0.,88.));
#3807=CARTESIAN_POINT('',(500.,-150.,88.));
#3808=CARTESIAN_POINT('',(350.,-150.,88.));
#3809=CARTESIAN_POINT('',(500.,0.,88.));
#3810=CARTESIAN_POINT('Origin',(500.,0.,68.));
#3811=CARTESIAN_POINT('',(500.,-150.,68.));
#3812=CARTESIAN_POINT('',(500.,-150.,88.));
#3813=CARTESIAN_POINT('',(500.,0.,68.));
#3814=CARTESIAN_POINT('Origin',(350.,0.,68.));
#3815=CARTESIAN_POINT('',(500.,-150.,68.));
#3816=CARTESIAN_POINT('Origin',(425.,-150.,78.));
#3817=CARTESIAN_POINT('Origin',(289.99998611611,0.,90.023565979437));
#3818=CARTESIAN_POINT('',(270.,0.,90.));
#3819=CARTESIAN_POINT('',(289.99998611611,150.,90.023565979437));
#3820=CARTESIAN_POINT('',(289.99998611611,150.,90.023565979437));
#3821=CARTESIAN_POINT('',(289.99998611611,0.,90.023565979437));
#3822=CARTESIAN_POINT('Origin',(270.,0.,119.));
#3823=CARTESIAN_POINT('',(270.,150.,119.));
#3824=CARTESIAN_POINT('',(270.,150.,119.));
#3825=CARTESIAN_POINT('',(270.,0.,119.));
#3826=CARTESIAN_POINT('',(270.,1.,119.));
#3827=CARTESIAN_POINT('',(270.,0.,119.));
#3828=CARTESIAN_POINT('',(270.,0.,119.));
#3829=CARTESIAN_POINT('Origin',(270.,0.,90.));
#3830=CARTESIAN_POINT('',(270.,1.,110.));
#3831=CARTESIAN_POINT('',(270.,1.,90.));
#3832=CARTESIAN_POINT('',(270.,1.,90.));
#3833=CARTESIAN_POINT('Origin',(294.500004321337,0.,82.5));
#3834=CARTESIAN_POINT('',(290.000004187226,150.,82.5));
#3835=CARTESIAN_POINT('',(290.000004187226,0.,82.5));
#3836=CARTESIAN_POINT('Origin',(294.500004321337,150.,82.5));
#3837=CARTESIAN_POINT('Origin',(294.500004321337,0.,82.5));
#3838=CARTESIAN_POINT('',(290.000004187226,1.,82.5));
#3839=CARTESIAN_POINT('',(290.000004187226,0.,82.5));
#3840=CARTESIAN_POINT('Origin',(294.500004321337,1.,82.5));
#3841=CARTESIAN_POINT('Origin',(265.5,0.,110.));
#3842=CARTESIAN_POINT('',(261.,1.,110.));
#3843=CARTESIAN_POINT('',(261.,0.,110.));
#3844=CARTESIAN_POINT('Origin',(265.5,1.,110.));
#3845=CARTESIAN_POINT('Origin',(265.5,1.,110.));
#3846=CARTESIAN_POINT('Origin',(265.5,0.,110.));
#3847=CARTESIAN_POINT('',(261.,150.,110.));
#3848=CARTESIAN_POINT('',(261.,0.,110.));
#3849=CARTESIAN_POINT('Origin',(265.5,150.,110.));
#3850=CARTESIAN_POINT('Origin',(534.500004321337,0.,82.5));
#3851=CARTESIAN_POINT('',(530.000004321337,150.,82.5));
#3852=CARTESIAN_POINT('',(530.000004321337,0.,82.5));
#3853=CARTESIAN_POINT('Origin',(534.500004321337,150.,82.5));
#3854=CARTESIAN_POINT('Origin',(534.500004321337,0.,82.5));
#3855=CARTESIAN_POINT('',(530.000004321337,1.,82.5));
#3856=CARTESIAN_POINT('',(530.000004321337,0.,82.5));
#3857=CARTESIAN_POINT('Origin',(534.500004321337,1.,82.5));
#3858=CARTESIAN_POINT('Origin',(25.5,0.,110.));
#3859=CARTESIAN_POINT('',(21.,150.,110.));
#3860=CARTESIAN_POINT('',(21.,0.,110.));
#3861=CARTESIAN_POINT('Origin',(25.5,150.,110.));
#3862=CARTESIAN_POINT('Origin',(25.5,0.,110.));
#3863=CARTESIAN_POINT('',(21.,1.,110.));
#3864=CARTESIAN_POINT('',(21.,0.,110.));
#3865=CARTESIAN_POINT('Origin',(25.5,1.,110.));
#3866=CARTESIAN_POINT('Origin',(135.,1.,60.));
#3867=CARTESIAN_POINT('',(549.,1.,90.));
#3868=CARTESIAN_POINT('',(202.5,1.,90.));
#3869=CARTESIAN_POINT('',(549.,1.,0.999999999999998));
#3870=CARTESIAN_POINT('',(549.,1.,75.));
#3871=CARTESIAN_POINT('',(1.,1.,0.999999999999999));
#3872=CARTESIAN_POINT('',(202.5,1.,0.999999999999996));
#3873=CARTESIAN_POINT('',(0.999999999999999,1.,119.));
#3874=CARTESIAN_POINT('',(0.999999999999996,1.,30.));
#3875=CARTESIAN_POINT('',(67.5,1.,119.));
#3876=CARTESIAN_POINT('Origin',(135.,150.,60.));
#3877=CARTESIAN_POINT('',(549.,150.,90.));
#3878=CARTESIAN_POINT('',(270.,150.,90.));
#3879=CARTESIAN_POINT('',(549.,150.,0.));
#3880=CARTESIAN_POINT('',(549.,150.,75.));
#3881=CARTESIAN_POINT('',(0.,150.,0.));
#3882=CARTESIAN_POINT('',(550.,150.,0.));
#3883=CARTESIAN_POINT('',(0.,150.,119.));
#3884=CARTESIAN_POINT('',(0.,150.,120.));
#3885=CARTESIAN_POINT('',(67.5,150.,119.));
#3886=CARTESIAN_POINT('Origin',(270.,0.,90.));
#3887=CARTESIAN_POINT('',(549.,0.,90.));
#3888=CARTESIAN_POINT('Origin',(549.,0.,90.));
#3889=CARTESIAN_POINT('',(549.,0.,0.));
#3890=CARTESIAN_POINT('',(549.,0.,90.));
#3891=CARTESIAN_POINT('',(549.,0.,0.999999999999996));
#3892=CARTESIAN_POINT('',(549.,0.,0.999999999999996));
#3893=CARTESIAN_POINT('Origin',(270.,0.,-4.93038065763132E-31));
#3894=CARTESIAN_POINT('',(0.,0.,0.));
#3895=CARTESIAN_POINT('Origin',(270.,0.,1.));
#3896=CARTESIAN_POINT('',(1.00000000000001,0.,1.));
#3897=CARTESIAN_POINT('Origin',(270.,0.,90.));
#3898=CARTESIAN_POINT('Origin',(0.,0.,119.));
#3899=CARTESIAN_POINT('',(0.,0.,119.));
#3900=CARTESIAN_POINT('',(1.,0.,119.));
#3901=CARTESIAN_POINT('Origin',(1.,0.,0.));
#3902=CARTESIAN_POINT('Origin',(0.,0.,0.));
#3903=CARTESIAN_POINT('Origin',(135.,145.,60.));
#3904=CARTESIAN_POINT('',(275.,145.,95.0058949699239));
#3905=CARTESIAN_POINT('',(280.481292194147,145.,95.0123535753642));
#3906=CARTESIAN_POINT('',(212.476520807109,145.,94.932223567532));
#3907=CARTESIAN_POINT('',(275.,145.,102.95377416881));
#3908=CARTESIAN_POINT('',(257.895652022563,145.,127.734941903408));
#3909=CARTESIAN_POINT('',(275.,145.,75.));
#3910=CARTESIAN_POINT('Origin',(289.994094621251,0.,95.0235625084647));
#3911=CARTESIAN_POINT('',(275.,5.,95.0058949699239));
#3912=CARTESIAN_POINT('',(275.,0.,95.0058949699239));
#3913=CARTESIAN_POINT('',(280.481292194147,5.,95.0123535753642));
#3914=CARTESIAN_POINT('',(212.476520807109,5.,94.932223567532));
#3915=CARTESIAN_POINT('',(280.481292194147,0.,95.0123535753642));
#3916=CARTESIAN_POINT('Origin',(275.,0.,90.));
#3917=CARTESIAN_POINT('',(275.,5.,102.95377416881));
#3918=CARTESIAN_POINT('',(275.,0.,102.95377416881));
#3919=CARTESIAN_POINT('',(275.,5.,75.));
#3920=CARTESIAN_POINT('Origin',(265.88501413675,0.,116.159772659583));
#3921=CARTESIAN_POINT('',(257.895652022563,5.,127.734941903408));
#3922=CARTESIAN_POINT('Origin',(135.,5.,60.));
#3923=CARTESIAN_POINT('',(0.,0.,0.));
#3924=CARTESIAN_POINT('Origin',(-90.0000013411045,-10.,5.00000007450581));
#3925=CARTESIAN_POINT('',(-94.5000013411045,-10.,5.00000007450581));
#3926=CARTESIAN_POINT('Origin',(-90.0000013411045,-10.,5.00000007450581));
#3927=CARTESIAN_POINT('Origin',(-90.0000013411045,0.,5.00000007450581));
#3928=CARTESIAN_POINT('',(-94.5000013411045,160.,5.00000007450581));
#3929=CARTESIAN_POINT('Origin',(-90.0000013411045,160.,5.00000007450581));
#3930=CARTESIAN_POINT('',(-94.5,150.,5.00000007450581));
#3931=CARTESIAN_POINT('',(-94.5000013411045,0.,5.00000007450581));
#3932=CARTESIAN_POINT('',(-90.,150.,9.50000000000001));
#3933=CARTESIAN_POINT('Origin',(-90.,150.,5.));
#3934=CARTESIAN_POINT('',(-90.,0.,9.50000000000001));
#3935=CARTESIAN_POINT('',(-90.,0.,9.50000000000001));
#3936=CARTESIAN_POINT('',(-94.5,0.,5.00000007450581));
#3937=CARTESIAN_POINT('Origin',(-90.,0.,5.));
#3938=CARTESIAN_POINT('',(-94.5000013411045,0.,5.00000007450581));
#3939=CARTESIAN_POINT('',(-90.,0.,0.5));
#3940=CARTESIAN_POINT('Origin',(-90.,0.,5.));
#3941=CARTESIAN_POINT('',(-90.,150.,0.5));
#3942=CARTESIAN_POINT('',(-90.,0.,0.5));
#3943=CARTESIAN_POINT('Origin',(-90.,150.,5.));
#3944=CARTESIAN_POINT('Origin',(-90.0000013411045,160.,5.00000007450581));
#3945=CARTESIAN_POINT('Origin',(150.000002235174,0.,5.00000007450581));
#3946=CARTESIAN_POINT('',(145.500002235174,160.,5.00000007450581));
#3947=CARTESIAN_POINT('Origin',(150.000002235174,160.,5.00000007450581));
#3948=CARTESIAN_POINT('',(145.500002235174,-10.,5.00000007450581));
#3949=CARTESIAN_POINT('',(145.500002235174,0.,5.00000007450581));
#3950=CARTESIAN_POINT('Origin',(150.000002235174,-10.,5.00000007450581));
#3951=CARTESIAN_POINT('',(150.,0.,0.5));
#3952=CARTESIAN_POINT('',(150.,150.,0.5));
#3953=CARTESIAN_POINT('',(150.,0.,0.5));
#3954=CARTESIAN_POINT('',(150.,0.,9.50000000000001));
#3955=CARTESIAN_POINT('Origin',(150.,0.,5.));
#3956=CARTESIAN_POINT('',(150.,150.,9.50000000000001));
#3957=CARTESIAN_POINT('',(150.,0.,9.50000000000001));
#3958=CARTESIAN_POINT('Origin',(150.,150.,5.));
#3959=CARTESIAN_POINT('Origin',(150.000002235174,-10.,5.00000007450581));
#3960=CARTESIAN_POINT('Origin',(150.000002235174,160.,5.00000007450581));
#3961=CARTESIAN_POINT('Origin',(-90.,0.,9.50000000000001));
#3962=CARTESIAN_POINT('',(-30.,0.,9.50000000000001));
#3963=CARTESIAN_POINT('',(-30.,150.,9.50000000000001));
#3964=CARTESIAN_POINT('Origin',(150.,0.,0.5));
#3965=CARTESIAN_POINT('',(90.,0.,0.5));
#3966=CARTESIAN_POINT('',(90.,150.,0.5));
#3967=CARTESIAN_POINT('Origin',(-90.,0.,10.));
#3968=CARTESIAN_POINT('',(-90.,0.,10.));
#3969=CARTESIAN_POINT('',(150.,0.,10.));
#3970=CARTESIAN_POINT('',(-90.,0.,10.));
#3971=CARTESIAN_POINT('',(150.,150.,10.));
#3972=CARTESIAN_POINT('',(150.,0.,10.));
#3973=CARTESIAN_POINT('',(-90.,150.,10.));
#3974=CARTESIAN_POINT('',(-90.,150.,10.));
#3975=CARTESIAN_POINT('',(-90.,0.,10.));
#3976=CARTESIAN_POINT('Origin',(-90.,0.,5.));
#3977=CARTESIAN_POINT('',(-90.,0.,0.));
#3978=CARTESIAN_POINT('Origin',(-90.,0.,5.));
#3979=CARTESIAN_POINT('',(-90.,150.,0.));
#3980=CARTESIAN_POINT('Origin',(-90.,150.,5.));
#3981=CARTESIAN_POINT('',(-90.,0.,0.));
#3982=CARTESIAN_POINT('Origin',(150.,0.,0.));
#3983=CARTESIAN_POINT('',(150.,0.,0.));
#3984=CARTESIAN_POINT('',(150.,0.,0.));
#3985=CARTESIAN_POINT('',(150.,150.,0.));
#3986=CARTESIAN_POINT('',(150.,150.,0.));
#3987=CARTESIAN_POINT('',(150.,0.,0.));
#3988=CARTESIAN_POINT('Origin',(150.,0.,5.));
#3989=CARTESIAN_POINT('Origin',(150.,0.,5.));
#3990=CARTESIAN_POINT('Origin',(150.,150.,5.));
#3991=CARTESIAN_POINT('Origin',(30.,150.,5.));
#3992=CARTESIAN_POINT('Origin',(30.,0.,5.));
#3993=CARTESIAN_POINT('',(0.,0.,0.));
#3994=CARTESIAN_POINT('Origin',(12.5000001117587,2.22904733480173,2.));
#3995=CARTESIAN_POINT('',(13.0000001117587,2.22904733480173,4.));
#3996=CARTESIAN_POINT('Origin',(12.5000001117587,2.22904733480173,4.));
#3997=CARTESIAN_POINT('',(13.0000001117587,2.22904733480173,2.));
#3998=CARTESIAN_POINT('',(13.0000001117587,2.22904733480173,2.));
#3999=CARTESIAN_POINT('Origin',(12.5000001117587,2.22904733480173,2.));
#4000=CARTESIAN_POINT('Origin',(12.5000001117587,2.22904733480173,4.));
#4001=CARTESIAN_POINT('Origin',(15.0000002235174,0.,0.));
#4002=CARTESIAN_POINT('',(25.,50.,0.));
#4003=CARTESIAN_POINT('',(15.0000002235174,2.77555756156289E-16,0.));
#4004=CARTESIAN_POINT('',(25.,50.,0.));
#4005=CARTESIAN_POINT('',(25.,50.,2.));
#4006=CARTESIAN_POINT('',(25.,50.,0.));
#4007=CARTESIAN_POINT('',(15.0000002235174,0.,2.));
#4008=CARTESIAN_POINT('',(25.,50.,2.));
#4009=CARTESIAN_POINT('',(15.0000002235174,2.77555756156289E-16,0.));
#4010=CARTESIAN_POINT('Origin',(12.5000001117587,2.22904733480173,0.));
#4011=CARTESIAN_POINT('',(10.,2.77555756156289E-16,0.));
#4012=CARTESIAN_POINT('Origin',(12.5000001117587,2.22904733480173,0.));
#4013=CARTESIAN_POINT('',(10.,0.,2.));
#4014=CARTESIAN_POINT('Origin',(12.5000001117587,2.22904733480173,2.));
#4015=CARTESIAN_POINT('',(10.,2.77555756156289E-16,0.));
#4016=CARTESIAN_POINT('Origin',(0.,50.,0.));
#4017=CARTESIAN_POINT('',(-1.11022302462516E-15,50.,0.));
#4018=CARTESIAN_POINT('',(10.,0.,0.));
#4019=CARTESIAN_POINT('',(0.,50.,2.));
#4020=CARTESIAN_POINT('',(10.,0.,2.));
#4021=CARTESIAN_POINT('',(-1.11022302462516E-15,50.,0.));
#4022=CARTESIAN_POINT('Origin',(12.5,42.6818304235518,0.));
#4023=CARTESIAN_POINT('Origin',(12.5,42.6818304235518,0.));
#4024=CARTESIAN_POINT('Origin',(12.5,42.6818304235518,2.));
#4025=CARTESIAN_POINT('Origin',(12.5,28.0230600053757,2.));
#4026=CARTESIAN_POINT('Origin',(12.5,28.0230600053757,0.));
#4027=CARTESIAN_POINT('',(0.,0.,0.));
#4028=CARTESIAN_POINT('Origin',(-25.,-42.5,5.));
#4029=CARTESIAN_POINT('',(-25.,41.5,5.));
#4030=CARTESIAN_POINT('',(25.,41.5,5.));
#4031=CARTESIAN_POINT('',(25.,41.5,5.));
#4032=CARTESIAN_POINT('',(-25.,42.5,5.));
#4033=CARTESIAN_POINT('',(-25.,-42.5,5.));
#4034=CARTESIAN_POINT('',(25.,42.5,5.));
#4035=CARTESIAN_POINT('',(25.,42.5,5.));
#4036=CARTESIAN_POINT('',(25.,-42.5,5.));
#4037=CARTESIAN_POINT('Origin',(-25.,-42.5,0.));
#4038=CARTESIAN_POINT('',(-25.,41.5,0.));
#4039=CARTESIAN_POINT('',(-25.,41.5,0.));
#4040=CARTESIAN_POINT('',(-25.,42.5,0.));
#4041=CARTESIAN_POINT('',(-25.,-21.25,0.));
#4042=CARTESIAN_POINT('',(-25.,42.5,0.));
#4043=CARTESIAN_POINT('Origin',(-25.,-42.5,0.));
#4044=CARTESIAN_POINT('',(-25.,-41.5,5.));
#4045=CARTESIAN_POINT('',(-25.,-41.5,0.));
#4046=CARTESIAN_POINT('',(-25.,-41.5,0.));
#4047=CARTESIAN_POINT('',(-25.,-42.5,5.));
#4048=CARTESIAN_POINT('',(-25.,-42.5,5.));
#4049=CARTESIAN_POINT('',(-25.,-42.5,0.));
#4050=CARTESIAN_POINT('',(-25.,-42.5,0.));
#4051=CARTESIAN_POINT('',(-25.,-21.25,0.));
#4052=CARTESIAN_POINT('Origin',(25.,-42.5,5.));
#4053=CARTESIAN_POINT('',(25.,41.5,0.));
#4054=CARTESIAN_POINT('',(25.,41.5,2.5));
#4055=CARTESIAN_POINT('',(25.,42.5,0.));
#4056=CARTESIAN_POINT('',(25.,42.5,2.5));
#4057=CARTESIAN_POINT('',(25.,-21.25,0.));
#4058=CARTESIAN_POINT('Origin',(25.,-42.5,5.));
#4059=CARTESIAN_POINT('',(25.,-41.5,0.));
#4060=CARTESIAN_POINT('',(25.,-41.5,5.));
#4061=CARTESIAN_POINT('',(25.,-41.5,2.5));
#4062=CARTESIAN_POINT('',(25.,-42.5,0.));
#4063=CARTESIAN_POINT('',(25.,-21.25,0.));
#4064=CARTESIAN_POINT('',(25.,-42.5,5.));
#4065=CARTESIAN_POINT('',(25.,-42.5,2.5));
#4066=CARTESIAN_POINT('',(25.,-42.5,5.));
#4067=CARTESIAN_POINT('Origin',(-25.,-42.5,5.));
#4068=CARTESIAN_POINT('',(-50.,-41.5,5.));
#4069=CARTESIAN_POINT('',(-50.,-42.5,5.));
#4070=CARTESIAN_POINT('Origin',(-75.,-42.5,0.));
#4071=CARTESIAN_POINT('',(75.,-42.5,0.));
#4072=CARTESIAN_POINT('',(75.,-42.5,0.));
#4073=CARTESIAN_POINT('',(75.,-42.5,50.));
#4074=CARTESIAN_POINT('',(75.,-42.5,0.));
#4075=CARTESIAN_POINT('',(-75.,-42.5,50.));
#4076=CARTESIAN_POINT('',(75.,-42.5,50.));
#4077=CARTESIAN_POINT('',(-75.,-42.5,0.));
#4078=CARTESIAN_POINT('',(-75.,-42.5,0.));
#4079=CARTESIAN_POINT('',(75.,-42.5,0.));
#4080=CARTESIAN_POINT('Origin',(0.,0.,0.));
#4081=CARTESIAN_POINT('',(74.,-41.5,0.));
#4082=CARTESIAN_POINT('',(75.,-41.5,0.));
#4083=CARTESIAN_POINT('',(74.,41.5,0.));
#4084=CARTESIAN_POINT('',(74.,42.5,0.));
#4085=CARTESIAN_POINT('',(-75.,41.5,0.));
#4086=CARTESIAN_POINT('',(75.,42.5,0.));
#4087=CARTESIAN_POINT('',(-75.,42.5,0.));
#4088=CARTESIAN_POINT('',(75.,42.5,0.));
#4089=CARTESIAN_POINT('Origin',(0.,0.,0.));
#4090=CARTESIAN_POINT('',(-75.,42.5,0.));
#4091=CARTESIAN_POINT('',(-75.,-42.5,0.));
#4092=CARTESIAN_POINT('',(-75.,42.5,0.));
#4093=CARTESIAN_POINT('',(-74.,41.5,0.));
#4094=CARTESIAN_POINT('',(-75.,41.5,0.));
#4095=CARTESIAN_POINT('',(-74.,-41.5,0.));
#4096=CARTESIAN_POINT('',(-74.,-42.5,0.));
#4097=CARTESIAN_POINT('',(75.,-41.5,0.));
#4098=CARTESIAN_POINT('Origin',(75.,42.5,0.));
#4099=CARTESIAN_POINT('',(-75.,42.5,50.));
#4100=CARTESIAN_POINT('',(-75.,42.5,0.));
#4101=CARTESIAN_POINT('',(75.,42.5,50.));
#4102=CARTESIAN_POINT('',(-75.,42.5,50.));
#4103=CARTESIAN_POINT('',(75.,42.5,0.));
#4104=CARTESIAN_POINT('Origin',(69.,36.5,50.));
#4105=CARTESIAN_POINT('',(70.6,36.5,50.));
#4106=CARTESIAN_POINT('Origin',(69.,36.5,50.));
#4107=CARTESIAN_POINT('',(70.6,36.5,49.));
#4108=CARTESIAN_POINT('',(70.6,36.5,50.));
#4109=CARTESIAN_POINT('Origin',(69.,36.5,49.));
#4110=CARTESIAN_POINT('Origin',(-69.,36.5,50.));
#4111=CARTESIAN_POINT('',(-67.4,36.5,50.));
#4112=CARTESIAN_POINT('Origin',(-69.,36.5,50.));
#4113=CARTESIAN_POINT('',(-67.4,36.5,49.));
#4114=CARTESIAN_POINT('',(-67.4,36.5,50.));
#4115=CARTESIAN_POINT('Origin',(-69.,36.5,49.));
#4116=CARTESIAN_POINT('Origin',(69.,-36.5,50.));
#4117=CARTESIAN_POINT('',(70.6,-36.5,50.));
#4118=CARTESIAN_POINT('Origin',(69.,-36.5,50.));
#4119=CARTESIAN_POINT('',(70.6,-36.5,49.));
#4120=CARTESIAN_POINT('',(70.6,-36.5,50.));
#4121=CARTESIAN_POINT('Origin',(69.,-36.5,49.));
#4122=CARTESIAN_POINT('Origin',(-69.,-36.5,50.));
#4123=CARTESIAN_POINT('',(-67.4,-36.5,50.));
#4124=CARTESIAN_POINT('Origin',(-69.,-36.5,50.));
#4125=CARTESIAN_POINT('',(-67.4,-36.5,49.));
#4126=CARTESIAN_POINT('',(-67.4,-36.5,50.));
#4127=CARTESIAN_POINT('Origin',(-69.,-36.5,49.));
#4128=CARTESIAN_POINT('Origin',(-50.,-17.5,50.));
#4129=CARTESIAN_POINT('',(-32.5,-17.5,50.));
#4130=CARTESIAN_POINT('Origin',(-50.,-17.5,50.));
#4131=CARTESIAN_POINT('',(-32.5,-17.5,49.));
#4132=CARTESIAN_POINT('',(-32.5,-17.5,50.));
#4133=CARTESIAN_POINT('Origin',(-50.,-17.5,49.));
#4134=CARTESIAN_POINT('Origin',(0.,0.,49.));
#4135=CARTESIAN_POINT('',(74.,41.5,49.));
#4136=CARTESIAN_POINT('',(74.,-41.5,49.));
#4137=CARTESIAN_POINT('',(74.,-21.25,49.));
#4138=CARTESIAN_POINT('',(-74.,-41.5,49.));
#4139=CARTESIAN_POINT('',(-37.5,-41.5,49.));
#4140=CARTESIAN_POINT('',(-74.,41.5,49.));
#4141=CARTESIAN_POINT('',(-74.,21.25,49.));
#4142=CARTESIAN_POINT('',(37.5,41.5,49.));
#4143=CARTESIAN_POINT('Origin',(75.,41.5,0.));
#4144=CARTESIAN_POINT('',(74.,41.5,0.));
#4145=CARTESIAN_POINT('',(-74.,41.5,0.));
#4146=CARTESIAN_POINT('Origin',(-74.,42.5,0.));
#4147=CARTESIAN_POINT('',(-74.,-41.5,0.));
#4148=CARTESIAN_POINT('Origin',(-75.,-41.5,0.));
#4149=CARTESIAN_POINT('',(74.,-41.5,0.));
#4150=CARTESIAN_POINT('Origin',(74.,-42.5,0.));
#4151=CARTESIAN_POINT('Origin',(75.,-42.5,0.));
#4152=CARTESIAN_POINT('',(75.,42.5,50.));
#4153=CARTESIAN_POINT('Origin',(-75.,42.5,0.));
#4154=CARTESIAN_POINT('',(-75.,-42.5,50.));
#4155=CARTESIAN_POINT('Origin',(0.,0.,50.));
#4156=CARTESIAN_POINT('',(0.,0.,0.));
#4157=CARTESIAN_POINT('Origin',(-69.,36.5,0.));
#4158=CARTESIAN_POINT('',(-70.6,36.5,0.));
#4159=CARTESIAN_POINT('Origin',(-69.,36.5,0.));
#4160=CARTESIAN_POINT('',(-70.6,36.5,3.));
#4161=CARTESIAN_POINT('',(-70.6,36.5,0.));
#4162=CARTESIAN_POINT('Origin',(-69.,36.5,3.));
#4163=CARTESIAN_POINT('Origin',(69.,36.5,0.));
#4164=CARTESIAN_POINT('',(67.4,36.5,0.));
#4165=CARTESIAN_POINT('Origin',(69.,36.5,0.));
#4166=CARTESIAN_POINT('',(67.4,36.5,3.));
#4167=CARTESIAN_POINT('',(67.4,36.5,0.));
#4168=CARTESIAN_POINT('Origin',(69.,36.5,3.));
#4169=CARTESIAN_POINT('Origin',(-69.,-36.5,0.));
#4170=CARTESIAN_POINT('',(-70.6,-36.5,0.));
#4171=CARTESIAN_POINT('Origin',(-69.,-36.5,0.));
#4172=CARTESIAN_POINT('',(-70.6,-36.5,3.));
#4173=CARTESIAN_POINT('',(-70.6,-36.5,0.));
#4174=CARTESIAN_POINT('Origin',(-69.,-36.5,3.));
#4175=CARTESIAN_POINT('Origin',(69.,-36.5,0.));
#4176=CARTESIAN_POINT('',(67.4,-36.5,0.));
#4177=CARTESIAN_POINT('Origin',(69.,-36.5,0.));
#4178=CARTESIAN_POINT('',(67.4,-36.5,3.));
#4179=CARTESIAN_POINT('',(67.4,-36.5,0.));
#4180=CARTESIAN_POINT('Origin',(69.,-36.5,3.));
#4181=CARTESIAN_POINT('Origin',(-50.,-17.5,0.));
#4182=CARTESIAN_POINT('',(-67.5,-17.5,0.));
#4183=CARTESIAN_POINT('Origin',(-50.,-17.5,0.));
#4184=CARTESIAN_POINT('',(-67.5,-17.5,3.));
#4185=CARTESIAN_POINT('',(-67.5,-17.5,0.));
#4186=CARTESIAN_POINT('Origin',(-50.,-17.5,3.));
#4187=CARTESIAN_POINT('Origin',(-71.,39.5,3.));
#4188=CARTESIAN_POINT('',(-71.,38.5,3.));
#4189=CARTESIAN_POINT('',(-71.,-38.5,3.));
#4190=CARTESIAN_POINT('',(-71.,19.75,3.));
#4191=CARTESIAN_POINT('',(-71.,38.5,15.));
#4192=CARTESIAN_POINT('',(-71.,38.5,3.));
#4193=CARTESIAN_POINT('',(-71.,-38.5,15.));
#4194=CARTESIAN_POINT('',(-71.,19.75,15.));
#4195=CARTESIAN_POINT('',(-71.,-38.5,3.));
#4196=CARTESIAN_POINT('Origin',(72.,38.5,3.));
#4197=CARTESIAN_POINT('',(71.,38.5,3.));
#4198=CARTESIAN_POINT('',(36.,38.5,3.));
#4199=CARTESIAN_POINT('',(71.,38.5,15.));
#4200=CARTESIAN_POINT('',(71.,38.5,3.));
#4201=CARTESIAN_POINT('',(36.,38.5,15.));
#4202=CARTESIAN_POINT('Origin',(71.,-39.5,3.));
#4203=CARTESIAN_POINT('',(71.,-38.5,3.));
#4204=CARTESIAN_POINT('',(71.,-19.75,3.));
#4205=CARTESIAN_POINT('',(71.,-38.5,15.));
#4206=CARTESIAN_POINT('',(71.,-38.5,3.));
#4207=CARTESIAN_POINT('',(71.,-19.75,15.));
#4208=CARTESIAN_POINT('Origin',(-72.,-38.5,3.));
#4209=CARTESIAN_POINT('',(-36.,-38.5,3.));
#4210=CARTESIAN_POINT('',(-36.,-38.5,15.));
#4211=CARTESIAN_POINT('Origin',(-72.,39.5,3.));
#4212=CARTESIAN_POINT('',(-72.,-39.5,3.));
#4213=CARTESIAN_POINT('',(-72.,39.5,3.));
#4214=CARTESIAN_POINT('',(-72.,19.75,3.));
#4215=CARTESIAN_POINT('',(-72.,-39.5,15.));
#4216=CARTESIAN_POINT('',(-72.,-39.5,3.));
#4217=CARTESIAN_POINT('',(-72.,39.5,15.));
#4218=CARTESIAN_POINT('',(-72.,39.5,15.));
#4219=CARTESIAN_POINT('',(-72.,39.5,3.));
#4220=CARTESIAN_POINT('Origin',(72.,39.5,3.));
#4221=CARTESIAN_POINT('',(72.,39.5,3.));
#4222=CARTESIAN_POINT('',(36.,39.5,3.));
#4223=CARTESIAN_POINT('',(72.,39.5,15.));
#4224=CARTESIAN_POINT('',(72.,39.5,15.));
#4225=CARTESIAN_POINT('',(72.,39.5,3.));
#4226=CARTESIAN_POINT('Origin',(72.,-39.5,3.));
#4227=CARTESIAN_POINT('',(72.,-39.5,3.));
#4228=CARTESIAN_POINT('',(72.,-19.75,3.));
#4229=CARTESIAN_POINT('',(72.,-39.5,15.));
#4230=CARTESIAN_POINT('',(72.,-39.5,15.));
#4231=CARTESIAN_POINT('',(72.,-39.5,3.));
#4232=CARTESIAN_POINT('Origin',(-72.,-39.5,3.));
#4233=CARTESIAN_POINT('',(-36.,-39.5,3.));
#4234=CARTESIAN_POINT('',(-72.,-39.5,15.));
#4235=CARTESIAN_POINT('Origin',(-8.88178419700125E-15,0.,15.));
#4236=CARTESIAN_POINT('Origin',(-8.88178419700125E-15,-8.88178419700125E-15,
3.));
#4237=CARTESIAN_POINT('',(75.,42.5,3.));
#4238=CARTESIAN_POINT('',(-75.,42.5,3.));
#4239=CARTESIAN_POINT('',(-75.,42.5,3.));
#4240=CARTESIAN_POINT('',(-75.,-42.5,3.));
#4241=CARTESIAN_POINT('',(-75.,-42.5,3.));
#4242=CARTESIAN_POINT('',(75.,-42.5,3.));
#4243=CARTESIAN_POINT('',(75.,-42.5,3.));
#4244=CARTESIAN_POINT('',(75.,42.5,3.));
#4245=CARTESIAN_POINT('Origin',(75.,-42.5,0.));
#4246=CARTESIAN_POINT('',(75.,42.5,0.));
#4247=CARTESIAN_POINT('',(75.,-42.5,0.));
#4248=CARTESIAN_POINT('',(75.,42.5,0.));
#4249=CARTESIAN_POINT('',(75.,42.5,0.));
#4250=CARTESIAN_POINT('',(75.,-42.5,0.));
#4251=CARTESIAN_POINT('Origin',(-75.,-42.5,0.));
#4252=CARTESIAN_POINT('',(-75.,-42.5,0.));
#4253=CARTESIAN_POINT('',(75.,-42.5,0.));
#4254=CARTESIAN_POINT('',(-75.,-42.5,0.));
#4255=CARTESIAN_POINT('Origin',(-75.,42.5,0.));
#4256=CARTESIAN_POINT('',(-75.,42.5,0.));
#4257=CARTESIAN_POINT('',(-75.,-42.5,0.));
#4258=CARTESIAN_POINT('',(-75.,42.5,0.));
#4259=CARTESIAN_POINT('Origin',(75.,42.5,0.));
#4260=CARTESIAN_POINT('',(-75.,42.5,0.));
#4261=CARTESIAN_POINT('Origin',(-8.88178419700125E-15,-8.88178419700125E-15,
3.));
#4262=CARTESIAN_POINT('Origin',(-8.88178419700125E-15,-8.88178419700125E-15,
0.));
#4263=CARTESIAN_POINT('',(0.,0.,0.));
#4264=CARTESIAN_POINT('',(115.500001341105,0.,104.999999925494));
#4265=CARTESIAN_POINT('',(384.500005662441,0.,77.4999999254942));
#4266=CARTESIAN_POINT('',(359.864954573526,-0.389264777661229,92.));
#4267=CARTESIAN_POINT('',(360.1774069058,154.84377683737,90.));
#4268=CARTESIAN_POINT('',(85.,75.,119.));
#4269=CARTESIAN_POINT('',(85.,75.,169.));
#4270=CARTESIAN_POINT('Origin',(0.,0.,0.));
#4271=UNCERTAINTY_MEASURE_WITH_UNIT(LENGTH_MEASURE(0.01),#4285,
'DISTANCE_ACCURACY_VALUE',
'Maximum model space distance between geometric entities at asserted c
onnectivities');
#4272=UNCERTAINTY_MEASURE_WITH_UNIT(LENGTH_MEASURE(0.01),#4285,
'DISTANCE_ACCURACY_VALUE',
'Maximum model space distance between geometric entities at asserted c
onnectivities');
#4273=UNCERTAINTY_MEASURE_WITH_UNIT(LENGTH_MEASURE(0.01),#4285,
'DISTANCE_ACCURACY_VALUE',
'Maximum model space distance between geometric entities at asserted c
onnectivities');
#4274=UNCERTAINTY_MEASURE_WITH_UNIT(LENGTH_MEASURE(0.01),#4285,
'DISTANCE_ACCURACY_VALUE',
'Maximum model space distance between geometric entities at asserted c
onnectivities');
#4275=UNCERTAINTY_MEASURE_WITH_UNIT(LENGTH_MEASURE(0.01),#4285,
'DISTANCE_ACCURACY_VALUE',
'Maximum model space distance between geometric entities at asserted c
onnectivities');
#4276=UNCERTAINTY_MEASURE_WITH_UNIT(LENGTH_MEASURE(0.01),#4285,
'DISTANCE_ACCURACY_VALUE',
'Maximum model space distance between geometric entities at asserted c
onnectivities');
#4277=UNCERTAINTY_MEASURE_WITH_UNIT(LENGTH_MEASURE(0.01),#4285,
'DISTANCE_ACCURACY_VALUE',
'Maximum model space distance between geometric entities at asserted c
onnectivities');
#4278=(
GEOMETRIC_REPRESENTATION_CONTEXT(3)
GLOBAL_UNCERTAINTY_ASSIGNED_CONTEXT((#4271))
GLOBAL_UNIT_ASSIGNED_CONTEXT((#4285,#4287,#4288))
REPRESENTATION_CONTEXT('','3D')
);
#4279=(
GEOMETRIC_REPRESENTATION_CONTEXT(3)
GLOBAL_UNCERTAINTY_ASSIGNED_CONTEXT((#4272))
GLOBAL_UNIT_ASSIGNED_CONTEXT((#4285,#4287,#4288))
REPRESENTATION_CONTEXT('','3D')
);
#4280=(
GEOMETRIC_REPRESENTATION_CONTEXT(3)
GLOBAL_UNCERTAINTY_ASSIGNED_CONTEXT((#4273))
GLOBAL_UNIT_ASSIGNED_CONTEXT((#4285,#4287,#4288))
REPRESENTATION_CONTEXT('','3D')
);
#4281=(
GEOMETRIC_REPRESENTATION_CONTEXT(3)
GLOBAL_UNCERTAINTY_ASSIGNED_CONTEXT((#4274))
GLOBAL_UNIT_ASSIGNED_CONTEXT((#4285,#4287,#4288))
REPRESENTATION_CONTEXT('','3D')
);
#4282=(
GEOMETRIC_REPRESENTATION_CONTEXT(3)
GLOBAL_UNCERTAINTY_ASSIGNED_CONTEXT((#4275))
GLOBAL_UNIT_ASSIGNED_CONTEXT((#4285,#4287,#4288))
REPRESENTATION_CONTEXT('','3D')
);
#4283=(
GEOMETRIC_REPRESENTATION_CONTEXT(3)
GLOBAL_UNCERTAINTY_ASSIGNED_CONTEXT((#4276))
GLOBAL_UNIT_ASSIGNED_CONTEXT((#4285,#4287,#4288))
REPRESENTATION_CONTEXT('','3D')
);
#4284=(
GEOMETRIC_REPRESENTATION_CONTEXT(3)
GLOBAL_UNCERTAINTY_ASSIGNED_CONTEXT((#4277))
GLOBAL_UNIT_ASSIGNED_CONTEXT((#4285,#4287,#4288))
REPRESENTATION_CONTEXT('','3D')
);
#4285=(
LENGTH_UNIT()
NAMED_UNIT(*)
SI_UNIT(.MILLI.,.METRE.)
);
#4286=(
LENGTH_UNIT()
NAMED_UNIT(*)
SI_UNIT($,.METRE.)
);
#4287=(
NAMED_UNIT(*)
PLANE_ANGLE_UNIT()
SI_UNIT($,.RADIAN.)
);
#4288=(
NAMED_UNIT(*)
SI_UNIT($,.STERADIAN.)
SOLID_ANGLE_UNIT()
);
#4289=SHAPE_DEFINITION_REPRESENTATION(#4295,#4308);
#4290=SHAPE_DEFINITION_REPRESENTATION(#4296,#4309);
#4291=SHAPE_DEFINITION_REPRESENTATION(#4297,#4310);
#4292=SHAPE_DEFINITION_REPRESENTATION(#4298,#4311);
#4293=SHAPE_DEFINITION_REPRESENTATION(#4299,#4312);
#4294=SHAPE_DEFINITION_REPRESENTATION(#4300,#4313);
#4295=PRODUCT_DEFINITION_SHAPE('',$,#4315);
#4296=PRODUCT_DEFINITION_SHAPE('',$,#4316);
#4297=PRODUCT_DEFINITION_SHAPE('',$,#4317);
#4298=PRODUCT_DEFINITION_SHAPE('',$,#4318);
#4299=PRODUCT_DEFINITION_SHAPE('',$,#4319);
#4300=PRODUCT_DEFINITION_SHAPE('',$,#4320);
#4301=PRODUCT_DEFINITION_SHAPE($,$,#41);
#4302=PRODUCT_DEFINITION_SHAPE($,$,#42);
#4303=PRODUCT_DEFINITION_SHAPE($,$,#43);
#4304=PRODUCT_DEFINITION_SHAPE($,$,#44);
#4305=PRODUCT_DEFINITION_SHAPE($,$,#45);
#4306=PRODUCT_DEFINITION_SHAPE($,$,#46);
#4307=PRODUCT_DEFINITION_SHAPE($,$,#47);
#4308=SHAPE_REPRESENTATION('',(#2631,#2839,#2840,#2841,#2842,#2843,#2844,
#2845),#4278);
#4309=SHAPE_REPRESENTATION('',(#2632),#4279);
#4310=SHAPE_REPRESENTATION('',(#2729),#4280);
#4311=SHAPE_REPRESENTATION('',(#2758),#4281);
#4312=SHAPE_REPRESENTATION('',(#2773),#4282);
#4313=SHAPE_REPRESENTATION('',(#2807),#4283);
#4314=PRODUCT_DEFINITION_CONTEXT('part definition',#4334,'design');
#4315=PRODUCT_DEFINITION('2026-09-05-14-21-05-894','Sorting_system',#4321,
#4314);
#4316=PRODUCT_DEFINITION('2026-09-05-11-55-09-091',
'Conveyor&Sorting Bins',#4322,#4314);
#4317=PRODUCT_DEFINITION('2026-09-04-15-32-08-556','Roller',#4323,#4314);
#4318=PRODUCT_DEFINITION('2026-09-05-13-56-23-500','Servo Arm',#4324,#4314);
#4319=PRODUCT_DEFINITION('2026-09-05-15-00-23-697','Inspection_box',#4325,
#4314);
#4320=PRODUCT_DEFINITION('2026-09-05-14-29-54-761','Phone Support',#4326,
#4314);
#4321=PRODUCT_DEFINITION_FORMATION('',$,#4336);
#4322=PRODUCT_DEFINITION_FORMATION('',$,#4337);
#4323=PRODUCT_DEFINITION_FORMATION('',$,#4338);
#4324=PRODUCT_DEFINITION_FORMATION('',$,#4339);
#4325=PRODUCT_DEFINITION_FORMATION('',$,#4340);
#4326=PRODUCT_DEFINITION_FORMATION('',$,#4341);
#4327=PRODUCT_RELATED_PRODUCT_CATEGORY('Sorting_system',
'Sorting_system',(#4336));
#4328=PRODUCT_RELATED_PRODUCT_CATEGORY('Conveyor&Sorting Bins',
'Conveyor&Sorting Bins',(#4337));
#4329=PRODUCT_RELATED_PRODUCT_CATEGORY('Roller','Roller',(#4338));
#4330=PRODUCT_RELATED_PRODUCT_CATEGORY('Servo Arm','Servo Arm',(#4339));
#4331=PRODUCT_RELATED_PRODUCT_CATEGORY('Inspection_box',
'Inspection_box',(#4340));
#4332=PRODUCT_RELATED_PRODUCT_CATEGORY('Phone Support','Phone Support',
(#4341));
#4333=APPLICATION_PROTOCOL_DEFINITION('international standard',
'automotive_design',2009,#4334);
#4334=APPLICATION_CONTEXT(
'Core Data for Automotive Mechanical Design Process');
#4335=PRODUCT_CONTEXT('part definition',#4334,'mechanical');
#4336=PRODUCT('2026-09-05-14-21-05-894','Sorting_system',$,(#4335));
#4337=PRODUCT('2026-09-05-11-55-09-091','Conveyor&Sorting Bins',$,(#4335));
#4338=PRODUCT('2026-09-04-15-32-08-556','Roller',$,(#4335));
#4339=PRODUCT('2026-09-05-13-56-23-500','Servo Arm',$,(#4335));
#4340=PRODUCT('2026-09-05-15-00-23-697','Inspection_box',$,(#4335));
#4341=PRODUCT('2026-09-05-14-29-54-761','Phone Support',$,(#4335));
#4342=PRESENTATION_STYLE_ASSIGNMENT((#4353));
#4343=PRESENTATION_STYLE_ASSIGNMENT((#4354));
#4344=PRESENTATION_STYLE_ASSIGNMENT((#4355));
#4345=PRESENTATION_STYLE_ASSIGNMENT((#4356));
#4346=PRESENTATION_STYLE_ASSIGNMENT((#4357));
#4347=PRESENTATION_STYLE_ASSIGNMENT((#4358));
#4348=PRESENTATION_STYLE_ASSIGNMENT((#4359));
#4349=PRESENTATION_STYLE_ASSIGNMENT((#4360));
#4350=PRESENTATION_STYLE_ASSIGNMENT((#4361));
#4351=PRESENTATION_STYLE_ASSIGNMENT((#4362));
#4352=PRESENTATION_STYLE_ASSIGNMENT((NULL_STYLE(.NULL.)));
#4353=SURFACE_STYLE_USAGE(.BOTH.,#4363);
#4354=SURFACE_STYLE_USAGE(.BOTH.,#4364);
#4355=SURFACE_STYLE_USAGE(.BOTH.,#4365);
#4356=SURFACE_STYLE_USAGE(.BOTH.,#4366);
#4357=SURFACE_STYLE_USAGE(.BOTH.,#4367);
#4358=SURFACE_STYLE_USAGE(.BOTH.,#4368);
#4359=SURFACE_STYLE_USAGE(.BOTH.,#4369);
#4360=SURFACE_STYLE_USAGE(.BOTH.,#4370);
#4361=SURFACE_STYLE_USAGE(.BOTH.,#4371);
#4362=SURFACE_STYLE_USAGE(.BOTH.,#4372);
#4363=SURFACE_SIDE_STYLE('',(#4373));
#4364=SURFACE_SIDE_STYLE('',(#4374));
#4365=SURFACE_SIDE_STYLE('',(#4375));
#4366=SURFACE_SIDE_STYLE('',(#4376));
#4367=SURFACE_SIDE_STYLE('',(#4377));
#4368=SURFACE_SIDE_STYLE('',(#4378));
#4369=SURFACE_SIDE_STYLE('',(#4379));
#4370=SURFACE_SIDE_STYLE('',(#4380));
#4371=SURFACE_SIDE_STYLE('',(#4381));
#4372=SURFACE_SIDE_STYLE('',(#4382));
#4373=SURFACE_STYLE_FILL_AREA(#4383);
#4374=SURFACE_STYLE_FILL_AREA(#4384);
#4375=SURFACE_STYLE_FILL_AREA(#4385);
#4376=SURFACE_STYLE_FILL_AREA(#4386);
#4377=SURFACE_STYLE_FILL_AREA(#4387);
#4378=SURFACE_STYLE_FILL_AREA(#4388);
#4379=SURFACE_STYLE_FILL_AREA(#4389);
#4380=SURFACE_STYLE_FILL_AREA(#4390);
#4381=SURFACE_STYLE_FILL_AREA(#4391);
#4382=SURFACE_STYLE_FILL_AREA(#4392);
#4383=FILL_AREA_STYLE('Paint - Metallic (Red)',(#4393));
#4384=FILL_AREA_STYLE('Paint - Metallic (Black)',(#4394));
#4385=FILL_AREA_STYLE('Paint - Metallic (Yellow)',(#4395));
#4386=FILL_AREA_STYLE('Steel - Satin',(#4396));
#4387=FILL_AREA_STYLE('Paint - Metal Flake (Blue)',(#4397));
#4388=FILL_AREA_STYLE('Paint - Enamel Glossy (White)',(#4398));
#4389=FILL_AREA_STYLE('Powder Coat - Rough (Red)',(#4399));
#4390=FILL_AREA_STYLE('Plastic - Glossy (Green)',(#4400));
#4391=FILL_AREA_STYLE('Plastic - Matte (Black)',(#4401));
#4392=FILL_AREA_STYLE('Plastic - Glossy (Yellow)',(#4402));
#4393=FILL_AREA_STYLE_COLOUR('Paint - Metallic (Red)',#4403);
#4394=FILL_AREA_STYLE_COLOUR('Paint - Metallic (Black)',#4404);
#4395=FILL_AREA_STYLE_COLOUR('Paint - Metallic (Yellow)',#4405);
#4396=FILL_AREA_STYLE_COLOUR('Steel - Satin',#4406);
#4397=FILL_AREA_STYLE_COLOUR('Paint - Metal Flake (Blue)',#4407);
#4398=FILL_AREA_STYLE_COLOUR('Paint - Enamel Glossy (White)',#4408);
#4399=FILL_AREA_STYLE_COLOUR('Powder Coat - Rough (Red)',#4409);
#4400=FILL_AREA_STYLE_COLOUR('Plastic - Glossy (Green)',#4410);
#4401=FILL_AREA_STYLE_COLOUR('Plastic - Matte (Black)',#4411);
#4402=FILL_AREA_STYLE_COLOUR('Plastic - Glossy (Yellow)',#4412);
#4403=COLOUR_RGB('Paint - Metallic (Red)',0.768627450980392,0.207843137254902,
0.152941176470588);
#4404=COLOUR_RGB('Paint - Metallic (Black)',0.0980392156862745,0.0980392156862745,
0.0980392156862745);
#4405=COLOUR_RGB('Paint - Metallic (Yellow)',0.909803921568627,0.67843137254902,
0.137254901960784);
#4406=COLOUR_RGB('Steel - Satin',0.627450980392157,0.627450980392157,0.627450980392157);
#4407=COLOUR_RGB('Paint - Metal Flake (Blue)',0.188235294117647,0.231372549019608,
0.588235294117647);
#4408=COLOUR_RGB('Paint - Enamel Glossy (White)',0.964705882352941,0.964705882352941,
0.952941176470588);
#4409=COLOUR_RGB('Powder Coat - Rough (Red)',0.705882352941177,0.192156862745098,
0.145098039215686);
#4410=COLOUR_RGB('Plastic - Glossy (Green)',0.266666666666667,0.588235294117647,
0.282352941176471);
#4411=COLOUR_RGB('Plastic - Matte (Black)',0.0980392156862745,0.0980392156862745,
0.0980392156862745);
#4412=COLOUR_RGB('Plastic - Glossy (Yellow)',0.909803921568627,0.67843137254902,
0.137254901960784);
ENDSEC;
END-ISO-10303-21;
